NO,청원명,청원분야,청원종료일,동의기간,청원결과,동의수,청원인,청원의 취지,청원의 내용
1,극희귀질환 크라이오피린 연관 주기 증후군에 대한 치료제 키너렛주 아나킨라와 일라리스주 카나키누맙의 건강보험 급여항목 지정을 공개청원합니다.에 관한 청원,보건의료,2023-10-23,2023-09-22~2023-10-22,동의만료폐기,"8,059",진**,"극희귀질환 크라이오피린 연관 주기(발열) 증후군 판정을 받고 치료중인 환자의 배우자입니다.
국내에 치료제가 두 가지 뿐인데 모두 비급여 항목으로 전액 본인부담입니다.
치료 과정도 막막한 상황인데 비용 부담이나마 덜 수 있도록 도와주세요.","저의 아내는 50세로 중학교 2학년 딸아이의 엄마입니다.
원인을 알 수 없는 고열과 통증으로 대학병원 두 곳에서 3년이 넘는 시간 동안 수많은 검사를 진행했지만 원인을 찾지 못하고 불명열(不明熱)이라는 진단하에 명확한 진단명이 아닌 추정 진단명으로 그에 따른 약물치료가 병행되었지만 매번 실패를 반복하면서 저희 부부는 수없이 좌절해야만 했습니다.
지난 3년 동안 계속된 고열과 두통, 전신에 이르러 발현하는 관절통 그리고 근육통, 부종들로 편히 잠든 날이 없었고 1년 중 절반 이상이 입원이며 그나마 퇴원해서 집에 있다가도 수시로 발생되는 응급상황으로 응급실 가기를 수없이 반복하였습니다.
그러던중 6월에 최종 진단명이 나왔고 희귀질환으로 판명되어 산정특례 혜택도 가능 하다는 말에 잠깐이었지만 안도의 한숨을 쉬었습니다.
그런데 ‘크라이오피린 연관 주기(발열) 증후군’
희귀질환 중에서도 몇 안 되는 극희귀질환.
주로 출생 직후나 유아기에 발병될 수 있는 유전적 질환인데 아내처럼 성인에게 발병된 것도 희귀 경우라고 합니다.
치료제는 키너렛주(아나킨라)로 매일 1일 1회 투여하는 주사제로 소아환자에겐 건강보험이 적용되지만 성인에겐 그마저도 비급여로 1회에 8만 원 정도가 전액 본인 부담이며 산정특례 혜택도 받을 수 없다고 합니다.
당시로서는 아내를 위한 유일한 방법이기에 간절한 마음으로 약물치료를 시작하였습니다.
하지만 그 약이 아내에겐 버거웠는지 심한 부작용이 생겼고 부작용을 완화시키는 방법이 있다고 하여 시도해 봤지만 그 또한 실패였습니다.
그래서 응급 시에만 사용하기로 하고 멈춘 상태입니다.
이제 사용할 수 있는 치료제는 세계적으로 유일하게 한 가지 치료제 일라리스주(카나키누맙) 뿐입니다.
이 또한 비급여이며 8주에 1회 투여하는 주사제로 1회에 2천만 원입니다.
환자에게 도움이 된다는 확신만 있다면 시도해 보겠지만 그렇지 못한 상황에서 고민하고 있는 것이 저의 욕심일까요?
해외에서는 급여항목으로 지정되어 사용 중이며 증상의 완화에 도움을 받고 있다지만 우리나라는 한 제약회사에서 지속적으로 급여항목으로 선정해 줄 것을 심사평가원에 신청하고 있지만 매번 극소수 환자이며 타 약제 대비 비용효과성이 떨어진다는 이유로 선정되지 못하고 있습니다.
희귀질환 환자와 보호자들은 기약 없는 치료 과정에서 맞닥뜨리는 좌절감은 이루 말할 수 없으며 치료에 따르는 비용으로 많은 가정이 무너지고 있는 것이 현실입니다.
저의 아내는 오늘도 병실에서 통증과 밀려오는 서러움을 진통제와 눈물로 버티고 있습니다.
퉁퉁 부어오른 얼굴로 잠든 아내를 바라보면서... 병실에 혼자 남겨놓고 집으로 돌아오는 차 속에서... 잠든 딸아이의 얼굴을 바라보면서 한 여자의 남편으로 한 아이의 아빠로서 아무것도 할 수 없다는 무력함에 많이 울었습니다.
나름대로 잘 견뎌주고 있는 중2 딸아이에게 미안해서 맘껏 소리 내어 울지도 못했습니다.
8월에도 한 아이의 아버지께서 청원해 주셨지만 아쉽게 마감되었습니다.
환자와 보호자의 힘으로는 감내할 수 없는 현실입니다.
도와주세요. 제발 도와주세요.
비급여 항목인 키너렛주와 일라리스주가 소아든 성인이든 희귀질환 환자 치료에 급여 적용이 될 수 있도록 도와주세요.
저희의 절규를 외면하지 말아주세요..."
2,희귀질환치료제 일라리스의 보험급여 적용에 관한 청원,보건의료,2023-09-16,2023-08-16~2023-09-15,동의만료폐기,"5,745",이**,아이의 삶을 개선하고 일상적인 삶을 위해 급여항목으로 채택 되길 바라는 마음.,"안녕하세요

한 아이의 아버지입니다

아이가 출생 후 얼굴 및 온 몸에 발진, 하루에 한번 열이나고 이런 증상이 있어

전국 여러병원을 거져 결국 서울대병원까지 가서 병명을 확인했습니다

병명은 ""희귀질환인 크라이오피린 연관 주기(발열) 증후군""

온몸에 발진 및 열 발생...

크게는 청력, 시력, 관절까지 손상을 일으키는 증후군이라고합니다.

치료제는 있으나 

급여대상으로 선정된 의약품(키너렛주)을 평생 1일 1회 투여하해야한다고 하여 현재 입원 중이며 1일 1회 투여하고있습니다

이제 18개월된 아이에게요.

또 다른 치료제는 현재 비 급여대상으로 선정된 의약품(일라리스주)인데 이것은 8주에 1회 투여할수있는 의약품이라고합니다.

매일 1일 1회 투여할수있는 대처의약품이 있어 8주에 1회 투여할수있는 의약품은 비 급여처리된 것으로 봅니다.

그것을 보는게 아니라

아이에게 매일 아니 평생 1일 1회 주사을 투여하는 부모 마음은 어떨까요?

여러차례 한국노바티스社의 '일라리스주' 건강보험 적용 진행 한것으로 알고는 있으나 

여라차례 급여대상으로 선정 되질 못한것을 기사로 통하고

병원 담당 교수님과도 통화해서 얘기는 들었습니다.

보험등재가격도 중요하겠지만 가격보다는 한 사람의 삶을 개선을 위한 생각을 먼저 해주시기 바랍니다.

해외 등, 가까운 일본도 현재 급여로 선정되어 유용하게 쓰고있다고 기사도 접하고

이에따라 이민을 고려하는 부모들도 있다고 들었습니다.

금년 초 일라리스주의 대해서 신청한것으로 알고있습니다

하루하루 고통받는 아이에들에게 그나마 나은 삶을 줄수있게 좋은 결과를 기다리겠습니다."
3,진성적혈구증가증 치료제 베스레미에 대한 건강 보험 급여화에 관한 청원,보건의료,2024-03-16,2024-02-14~2024-03-15,,"45,387",김**,"만성골수증식성 질환 환자들의 생명을 지킬 유일한 치료제 '베스레미'의 보험 급여화를 청원합니다.
'진성적혈구증가증'이라는 만성골수증식성 질환은 희귀하지만 치명적인 혈액암의 일종입니다.
현재 사용 가능한 유일한 치료제는 '베스레미'입니다. 
하지만 한달에 약 400만원이라는 비용 부담으로 인해 대부분의 환자들이 치료를 받지 못하고 있습니다.
이는 환자들에게 두 번의 고통을 주는 일입니다!
완치 될 수 없는 병이 생겼다는 절망의 고통과, 신약이 개발되었지만 치료비 부담으로 인해 치료받을 수 없다는 고통입니다!
만성골수증식성 혈액암 환자들이 동등한 치료를 받을 수 있도록 해주십시오.
삶의 희망을 찾는 환자들을 위해! 그리고 그 환자들과 함께 삶을 살아가고 싶은 가족들을 위해!
'베스레미'의 보험 급여화를 간곡히 청원합니다. ","희귀성 난치 질환인 골수증식성 혈액암 (진성적혈구증가증, 본태성혈소판증가증, 골수섬유증)를 앓고 있는 환자들을 대표하여 이 청원서를 작성합니다.
이름도 생소한 골수증식성 질환을 앓고 있는 저희는 제대로 된 치료법이나 관리 방법 조차 없어 오랜 기간동안 치료에 어려움을 겪고 있습니다.
이 질환은 골수섬유증이나 골수성백혈병과 같은 더 심각한 혈액암으로 악화될 가능성이 높아 지속적인 불안과 스트레스를 안고 살아가고 있습니다.
현재 저희에게 사용 가능한 치료 옵션은 개발된지 50년도 넘은 부작용이 심각한 항암약에 의존하는 것 입니다.
항암약의 부작용으로 두통, 빈혈, 무기력증, 피부변색, 고혈압, 탈모, 시력저하 등의 증상을 안고 살아가고 있습니다.
오랜 기간 복용하면 피부암, 백혈병 같은 질병으로 진행될 수 있다는걸 알면서도 다른 대안이 없어 두려움을 안고 약을 복용하고 있습니다.

이런 상황에서 대만의 제약회사 파마에센시아에서 개발한 '베스레미'라는 치료제가 등장하면서 저희에게 새로운 희망이 생겼습니다.
기존의 항암약이 단순히 혈액 수치를 조절하는 데 중점을 둔 반면, '베스레미'는 임상 시험을 통해 실질적인 치료제로서의 효과를 입증했습니다.
그러나 2023년 급여 심사에서 탈락하여 보험이 적용되지 않아 환자들은 한 달에 약 400만 원이라는 엄청난 비용을 부담해야만 하는 상황입니다.
이로 인해 새로운 치료제가 개발되었음에도 불구하고 대부분의 환자들은 그 혜택을 전혀 받지 못하고 있습니다. 
또한, 절박한 마음에 비급여로 치료를 시작한 환자들도 높은 가격 때문에 큰 부담을 느끼고 있습니다.
한 해 동안 발생하는 치료비용은 약 4,800만원입니다.
이 비용도 파마에센시아에서 1회 투여시 1회 무상 서비스를 제공해줘서 절감된 금액입니다.
개인의 연간 소득과도 같은 비용을 오로지 치료비에 사용해야 한다는 현실에 또 한 번 좌절하고 있습니다.

저희는 이러한 현실에 대해 목소리를 높여 모든 골수증식성 혈액암 환자들이 치료의 기회를 갖을 수 있도록 간절하게 부탁드립니다.
모든 환자는 동등하게 치료를 받을 권리가 있습니다. 저희는 절박한 상황에 놓인 환자들의 목소리를 하나로 모아 강력히 호소합니다!
저희에게 필요한 것은 단순히 베스레미의 급여화로 인한 치료 접근이 아닌, 질병 진행에 대한 불안을 극복하고 삶을 살아갈 수 있다는 희망입니다.
우리 아이들과, 부모님, 사랑하는 가족과 함께 삶을 살아갈 수 있다는 희망입니다!
저희의 간절하고 절실한 목소리에 귀기울여 주시기를 간곡히 부탁드립니다.
'베스레미'의 급여화를 위해 함께해주십시오!
감사합니다."
4,XLH저인산혈증구루병 치료제 크리스비타의 신속 사용 승인에 관한 청원,보건의료,2022-11-14,2022-10-17~2022-11-14,위원회 회부,"50,000",박순배,"XLH 염색체 우성 저 인산 혈증은 인구 2-6만 명 당 1명에 발생하는 유전성 희귀질환으로 조기 발견이 환자의 향후 치료 및 관리에 매우 중요함에도 인지도가 낮은 탓에 질환의 발생을 뒤늦게 알게 되는 경우가 흔해 평생 고통 속에서 살아가야 하는 질환입니다. 이에 성장판이 닫히기 전에 치료가 필요한데 (크리스비타) 승인이 늦어지고 있어 적기에 치료를 받아야 하는 환자들이 고통받고 있습니다. 
기존 환자의 치료법은 지난 40년 동안 경구 인산염과 활성형 비타민D를 투여하는 보전적 치료가 전부였으며, 이는 일시적으로 혈중 인산염 농도를 높일 수는 있지만 대부분 투약 후 1.5시간 이내에 혈중 인산염 농도가 치료 전 수치로 돌아간다는 문제가 있었습니다.
이런 가운데, XLH를 근본적으로 치료할 수 있는 약물인 크리스비타가 개발되었으며 임상 연구에서 지속적으로 저인산 혈증을 역전시키고 인산염 향상성을 회복, 증상을 개선하는 것으로 나타났습니다.
크리스비타는 2018년 4월 FDA로부터 성인 및 6개월 이상 소아의 X선 염색체 연쇄성 저인 혈증을 적응증으로 승인 받은 약물로 혁신 치료제로 지정된 바 있으며, 현재 미국, 일본, 유럽 등 다수의 국가에서 XLH 환자의 치료제로 승인되어 사용되고 있으나, 우리나라에서는 생존 위협 또는 기대여명 2년 미만 기준서 제외되어 치료제를 눈앞에 두고도 사용할 수 없는 안타까운 상황입니다. 특히 소아의 치료시기를 놓치고 성인기에 접어든 환자들은 이미 심각한 근골격계의 변형으로 평생을 고통 속에서 살아야 함은 물론이거니와 사지기형, 성장지연, 감소된 키, 골절의 위험 증가, 신장 석회화, 부갑상선 수치 상승 등의 심각한 부작용에 시달리고 있습니다. 최악의 경우 걷지 못할 수도 있다는 불안감에 하루하루를 보내고 있습니다. 
이에 크리스비타의 신속 사용 승인을 간곡히 요청 드립니다. 제발 서둘러주십시오.","“엄마, 하루만이라도 아프지 않고 죽는 게 내 소원이야. 내가 이 말 하면 엄마가 속상 할까봐 여태껏 한 번도 말 안 했는데 엄마 울지마. 앞으로 다시 이런 말 안할게.”

안녕하십니까. 
20년 넘게 기다려온 XLH 저인산혈증 구루병 치료제를 눈앞에 두고도 건강보험 적용이 되지 않아, 힘든 하루하루를 보내고 있는 환자의 엄마입니다.

XLH 저인산 혈증 구루병은 신장에서 인산염 소모가 늘어나 발생하는 질환으로 밑빠진 독처럼 평생 인을 공급받아야 하는 질환으로 두개골이 빨리 닫쳐 뇌압이 상승하거나 골격 기형 (만성적인 근골격계 통증, 저신장, 하지 기형, 골절, 골연화증) 및 심각한 치아 농양 등의 증상이 나타나는 극 희귀질환으로 소아기에 적절한 치료를 받지 못하면 평생을 고통 속에 보내야 하는 극 희귀 질환입니다.

저희 아이는 18개월에 진단을 받고 제대로 된 치료제가 없어 보전적인 치료제인 경구 인산염과 (하루 6번 4시간 간격으로 복용) 활성형 비타민D(하루 2번 복용)를 투여하고 있지만, 장기간 복용의 부작용으로 신장 석회화 및 부갑상선 수치가 상승 하는 등의 심각한 부작용에 시달리고 있어, 이에 더는 기존 치료제를 쓸 수도 없는 상황까지 이르렀습니다.

설상가상으로 얼마 전부터는 다리에 힘이 들어가지 않아 제대로 보행이 어려워 하루에 대부분을 침대에 누워 생활하고 있습니다. 저의 도움 없이는 한발작도 문 밖을 나가지 못하고 있습니다. 뿐만 아니라, 매일 밤마다 뼈의 극심한 통증으로 밤잠을 제대로 자지 못하고 거의 뜬 눈으로 지새는 것은 물론이거니와 척추가 굳어지고 등이 굽어 똑바로 눕지도 못하고 있는 상황입니다.

크리스비타는 2018년 4월 FDA로부터 성인 및 6개월 이상 소아의 치료제로 승인 받은 약물로 이미 미국, 일본, 유럽 등 다수의 국가에서 치료제로 사용 중에 있으며 우리나라에서는 2020년부터 2021년까지 XLH를 앓고 있는 소아의 환자들에게 임상실험한 결과 부작용은 없었고 환자들의 활력이 높아지는 등 최적의 치료제라는 결과가 나왔으나, 건강 보험 적용이 되지 않아 연 2억 원 ~ 3억 원에 달하는 치료비를 개인이 감당해야하는 상황입니다.

제발 크리스비타의 건강 보험 적용을 승인해주십시오.
죽을 만큼의 고통 속에서 평생을 보내야하는 XLH 환자들의 고통을 조금이나마 줄여 주시기를 간곡히 부탁드립니다. "
5,"14만 파킨슨 환우를 죽음으로 내몰고 있는 대한민국 정부, 건강보험심사평가원의 무리한 약가 인하정책에 관한 청원",보건의료,2023-05-18,2023-04-17~2023-05-17,동의만료폐기,796,김**,"대한민국정부의 무리한 약가 인하 정책으로 기존 복용중이던 약이 공급 중단됨에 따라, 동일한 성분의 약을 더 이상 복용할 수 없게 되어 고통스럽게 아파하고 있는 14만 파킨슨 환우들의 현 상황에 대해 말씀드리고자 합니다.

의료선진국 대한민국에서 14만 파킨슨 환우를 위해 공급중인 약은 단순히 미국과 비교했을 때(총 19종) 단지 4종 보유하고 있습니다. 그나마 공급중인 4개중 3개는 국내 A 제약사에서 만들어진 ‘복제약’입니다. 오리지널약이라고 기존 질병을 씻은 듯이 낫게 하고 복제약이라고 오리지널 약 대비 못하다는 것은 아닙니다. 누구에게는 오리지널 약이 맞을 수도 있고, 누구에게는 복제약이 더 맞을 수도 있습니다.

30년 이상 안정적인 공급과 환자들에게 널리 처방되었던 파킨슨 오리지널 약은 한국정부의 무리한 ‘약가 인하 정책’으로 인하여 올해 초 한국 시장에서 전면 철수하였습니다. 환자 입장에서는 매우 안타까운 상황이나, 제약회사는 철저한 수익구조에 의해 운영되는 곳으로 기대 이상의 수익을 낼 수 없다면 해당 시장을 철수해야 하는 게 당연합니다. (오리지널 치료제 : 씨네메트정, 씨네메트CR, 마도파 정 등)

대한민국의 무리한 약가 인하 정책으로 기존에 안정적으로 공급되었던 오리지널 약 중 ‘마도파정’이 사라지면서, 
 1) 대한민국 정부 : 50원 이하로 약가를 강제 인하시켜 미비하게나마 ‘건강보험재정 확보’라는 실적 달성 
 2) 오리지널 약 공급회사 : 정부의 약가 인하제안(기존대비 30%인하)을 수용할 수 없기에 미련 없이 한국 시장 철수
 3) 후발 약품 등재 회사 : 복제약 제조 및 공급으로 ‘반사 수익’ 실현
 4) 한국희귀·필수의약품센터희귀의약품센터 : 국내에 더 이상 제공되지 않는 ‘마도파정’을 해외에서 국내로 대체 공급할 수 있는 독점기관으로, 회당 50만원의 대행수수료로 ‘반사 수익’ 실현 중
 5) 파킨슨 환우 : 기존 ‘마도파정’을 복용하기 위해서는 회당 50만원의 대행수수료와 한병 당 3만원의 약제비를 추가 부담 해야하며, 다수의 복제약 복용 환자들은 기존 파킨슨 질환과 무관한 새로운 증상이 복합적으로 나타나 더 아파하고 괴로워하고 있음(마도파정 1병 = 3만원/25년차 파킨슨 환자인 모친 기준 12일치 분량)
 
대한민국 정부는 고통받고 있는 국민을 위하여 신규 약제 도입도 아닌, 기존 약마저 앗아 가는것은 환자이자 국민의 기본 인권을 무시하는 행위입니다. 파킨슨 환자들이 오리지널 약과 복제약 중, 선택할 기회를 다시 얻고자 본 건을 청원합니다.","그 작디작은 알약 하나를 못 구해서 가족 중에 한 사람이 시름시름 앓는다고 상상해보십시오. 대한민국 정부(건강보험심사평가원)에서 약제비 몇 십원을 강제로 인하해서 얼마나 큰 재정을 확보할 수 있습니까? 정부의 무리한 약값 인하정책, 대체 누구를 위한 정책입니까? 최소한 파킨슨 환우를 위한 정책이 아니라는 것은 실감하였습니다.

‘마도파정’ 대신 복제약을 먹고 있는 현 상황을 비유를 하자면
쌀이 완성되기까지 사계절 땀흘려 노력한 농부의 노고는 싸그리 무시한 채, 쌀값이 생각보다 비싸 오늘부터 쌀밥은 제공할 수 없으니, 상대적으로 값이 저렴하고 영양가도 비슷한 기타 잡곡으로 배를 채우라는 식 아닙니까? 그럼 굶주린 배를 알차게라도 채울 수 있다면 좋겠습니다. 기존 쌀밥 먹던 시절 대비 영양가가 턱없이 모자라 굶주린 배는 채워지지 않아서 기타 잡곡을 두배 세배로 더 자주 먹어야 하고, 두배 세배 먹어도 허기는 허기대로 져서 힘이 없고, 기존에 ‘그나마’ 채워지던 영양가마저도 제대로 채워지지 않으니, 안 그래도 힘없는 몸에 새로운 곳까지 아파서 또 병원비를 내야 하는 상황이 되고 있습니다. 그래서 웃돈을 내고서라도 어디선가 쌀을 구해 먹어야 하는 실정입니다. 밑 빠진 독에 물 붓기입니다.

상기의 비유가 정확히 ‘마도파정’ 대신 복제약을 먹고 있는 환우들의 현 상황입니다.
기존 오리지널 약을 개발하기까지의 개발연구비 등은 싸그리 무시한 채, 정부의 ‘건강보험료 재정확보’를 이유로, ‘마도파정’ 공급회사에게 무리하게 약제비 인하를 요청하였고, 정부의 제안가격으로는 국내에서 수익 실현을 할 수 없기에 국내 공급을 중단하였으며 환자들은 복제약을 처방받아 왔습니다. 복제약의 약효 지속시간은 너무나도 짧아 기존 총량 대비 1.5-2배 늘려서 복용하고 있음에도 불구하고, 약효의 발현도도 지극히 낮아 하루 종일 힘이 없어 활동을 못 하며, 기존에 없던 증상까지 나타나(기립성 저혈압, 뒷골 땡김, 다리 저림, 섬망 등) 환자들이 이중 고통을 호소하고 있습니다. 어쩔 수 없이 한국희귀의약품센터에 비싼 대행료와 추가로 약값을 지불하여 울며 겨자 먹기로 ‘마도파정’을 구매하여 먹기 시작하고 있습니다. (출처 : 네이버 '파킨슨 까페' 27,000명 회원수 보유)

파킨슨은 다른 병과는 달리 치료제나 완치제도 없이 ‘증상 완화제’만 지속 복용하여 약효가 지속되는 그 짧디 짧은 시간에만 그나마 활동할 수 있습니다. 약효가 없으면 몸이 뻣뻣하게 굳어서 움직일 수도 없고, 단 한걸음 조차 발이 떨어지지 않아 앞으로 갈수도 뒤로 갈수도 없고 그대로 넘어져 버립니다. 또한, 약효가 없으면 삼키는 근육마저 마비가 되어 밥은 물론 물 조차 삼키기 힘듭니다. 

이렇게 안타까운 질환인데 대한민국 정부의 무리한 정책으로 기존 약마저 빼앗습니까? 
이미 해외에서는 14종의 약이 다양하게 공급되고 있음을 인지하고 있음에도 불구하고, 14만 파킨슨 환우들은 그동안 단 한 번도 대한민국 정부에 도입을 요구하거나 강제하거나 시위한 적 없이 조용히 착하게 지내왔습니다.

마지막 오리지널 약이었던 마도파정 마저 사라져 약을 선택할 기회를 잃는 것은 환자로서, 환우 가족으로서, 그리고 대한민국 국민으로서의 인권이 무참히 짓밟혔다고 생각합니다. 환자들에게 오리지널 약과 복제약을 선택할 기회를 주십시오."
6,수도권 전공의·전임의에 대한 업무개시명령 및 4대정책 전면 철회와 재난 및 안전관리 기본법 일부개정법률안 철회에 관한 청원,재난/안전/환경,2020-10-02,2020-08-31~2020-10-01,동의만료폐기,"1,986",임**,"일방적인 정책수립/진행을 멈추십시오. 중요한 정책일수록 '되짚어보고' '전문가'의 의견을 충분히 검토해야함에도, 현재 코로나 사태를 핑계로 장기적 실효성과 효과에 대해 검토하지 않은 정책안들 입니다.
탁상행정으로 내놓은 4대정책을
지금! 바로잡지 못한다면,
현장 경험도 없는 비전문가의 정책에
의료체계가 휘둘리게 되면,
그 피해는 가늠할 수 없으며,
전문가의 목소리를 강압적으로 제압하는 정부를 허용한다면,
대한민국은 민주주의를 잃어갈 것입니다.

8월 24일 황운하의원이 대표발의한 재난 및 안전관리 기본법 일부개정법률안은, 의료인력의 강압적 사용을 합법화 하기위한 의료인 인권 무시의 행태입니다.  공권력을 이용한 의료인 학대를 멈추십시오.
수도권 전공의·전임의에 업무개시명령 철회하십시오
현장 전문가 동의 없는 4대정책 전면철회 하십시오
근본적 해결책을 모색하기위한 원.점.논의를 회피하지마십시오","기피지역과 기피과에서 진료를 '할 수 있도록' 하는 방안에 대해서 의협/대전협에서는 '수가와 의료환경개선'이라 거듭 조언하지만, 정부는 수용하지 않고 증원계획만 읊조립니다. ‘의료현장’에서 직접 수요와 공급을 체감하는 의료인의 의견이 전혀 반영되지 않은 정책들이란 뜻입니다. 
‘낮은’ 수가는 결국 병원적자로 이어지고, 환자가 필요한 진료를 충분히 받기에 제한적인 환경이 조성되며, 해당과의 진료영역 축소로 귀결되어 우리는 그 과를 ‘기피과’로 부르게 됩니다. 비보험진료의 비중이 큰 성형/미용 등의 진료는 해당되지 않겠지만, 중증외상센터와 같은 기본적인 생명(vital)을 다루는 진료영역에서의 문제이기에 더욱 심각한 사안입니다. 결국 기피과 진료를 받기위해 더 많은 비용을 들여 해외로 ‘원정진료’를 떠나는 외국의 사례가 비단 남의 나라 얘기가 아닐 수 있다는 것입니다. 이와 같이, 낮은 수가는 ‘의료 질 저하’와 ‘환자부담 증가’를 야기하게 됩니다. ‘저소득/소외계층’에게 더 나은 의료서비스와 의료접근성을 제공하기 위해서는 ‘의사가 어느지역에서라도 버틸 수 있는 환경(수가와 의료환경 개선)을 정부가 만들어 주어야 합니다. 
8월27일, 전북 공공의대 설립 사실상 확정. 진정으로 의료진과 ‘대화’를 통한 ‘논의’를 할 정부였다면 의협과의 협상결렬 사태에서 무작정 진행하는 행태를 다시 번복하지 말았어야 하지 않습니까. 어느 한 분야의 전문의를 양성하기 위해서는 충분한 ‘진료환경(협업인력/의료시설)’과 ‘환자군’, 그 분야의 ‘전문 지도의’가 뒷받침되어 주지 않으면 안됩니다. 의사만 기피지역/기피과에 데려다 놓는다고 해결되는 일이 아니라는 말입니다. '전문가, 시민사회단체 관계자 등이 참여하는  시/도 추천 위원회'에 의해 이뤄지는 '공정성/중립이 결여'된 입시또한 국민의 '동의'가 이루어 지지 않은 정책입니다. 
객관적인 검증절차 없는 입시로 시작하여, 졸업 후 10년동안 ‘한정적’인 환자군을 치료하고, 우리의 세금으로 충당될 ‘제한적인 의료환경’에서 수련한 의료인이, 정부가 정해준 기피/소외지역에서 수술/시술을 하게 될 것입니다. ""당신은 그들에게 진료받을 용기가 있습니까?""
한방첩약급여화. 10월부터 시범운영됩니다. 안정성과 유효성이 검증되지 않은 한약재에 건보를 소비하는 것은 국민의 '안전'을 보장할 수 없는 무책임한 정책발의이며, 이는 엄연한 건보 '낭비'입니다.  이미 ‘문케어’로 건보 재정이 바닥난 정부는 또다시, 그 짐을 국민에게 ‘사회보험료 인상’으로 되돌리려 하고 있습니다. 한정적인 건강보험 재정은, ‘검증된’ 신약의 건강보험 적용확대로 암환자와 희귀질환 환자를 돌보는데 먼저 사용되어야 하지 않겠습니까.
원격의료. 코로나사태로 인해 한시적으로 허용된 비대면 진료의 만족도 조사를 토대로 현장에 있지도 않았던 비전문가들이 통계를 내밀며 '원격의료'를 추진하려합니다. 비대면 진료는 환자의 상태에 대한 정보 확보에는 한계가 있으며, 진단에 대한 책임은 물론 의료인에게 있을 것입니다. 비고의적 의료사고에 의료인들이 무방비 상태로 노출되게 됨은 물론이고, 그 피해를 환자가 고스란히 받을 것입니다.
수도권 전공의·전임의에 업무개시명령 철회하십시오
현장 전문가 동의 없는 4대정책 전면철회 하십시오
근본적 해결책을 모색하기위한 원.점.논의를 해야합니다."
7,EGFR 엑손 20 삽입 변이 비소세포폐암의 유일한 표적항암제의 건강보험 급여에 관한 청원,보건의료,2024-02-26,2024-01-26~2024-02-25,,"1,797",이**,EGFR 엑손 20 삽입 변이 비소세포폐암은 전체 폐암 중 1~3%를 차지하는 희귀성 변이 폐암이지만 이 희귀성 변이 폐암은 다른 변이 보다 예후는 좋지 않으며 치료제가 마땅치 않아 미충족 수요가 큰 암종입니다. 그러나 이러한 공격적인 EGFR 엑손 20 삽입 변이를 유일하게 대항할 수 있는 표적항암제 리브리반트(아마반타맙)와 엑스키비티캡슐(모보서티닙)이 있어 이에 대해 신속하고 원활하게 건강보험 급여 항목으로 적용해 주시기를 간절한 마음으로 청원드립니다.,"2023년 10월, 갑자기 어머니께서 회사에서 극심한 통증을 느끼고 쓰러져 응급실로 내원하였더니 폐암을 진단받았습니다.  검사를 통해 확인해본 결과, 이미 폐 이외에 뇌, 척추, 간까지 전이되었다고 했습니다. 10월 30일 네오플라틴, 페메드에스, 키트루다 이 세 가지 항암제를 투여하고 3주 간격으로 항암을 하고자 하였습니다.

 그리고 세 번째 항암제 투여 후, 검사 결과를 보니 암담하였습니다. 암은 더더욱 확장하였고 없었던 흉수까지 생겼기 때문이었습니다. 그래서 NGS검사를 한 결과, 어머니께서는 EGFR 엑손 20 삽입 변이 폐암인 것으로 밝혀졌습니다. 이 엑손20 변이 페암은 전체 폐암의 1~3% 밖에 되지 않지만 다른 변이 보다 예후가 나쁘며 치료제가 마땅치 않아 미충족 수요가 큰 암종입니다. 다행히도 엑손20 변이 폐암의 치료제인 리브리반트는 2023년 10월 사용허가 승인이 나서 우리 가족은 12월 29일에 희망을 담아 항암을 시작했습니다. 

 그런데 주사약물인 리브리반트는 바이알 당 약 150만원 상당의 고가 약물입니다. 어머니께서는 1회당 3바이알의 리브리반트 약제를 사용하고 계십니다. 따라서 1회에 약 500만원의 약물을 주입하고 있는 상황입니다. 1~4회 까지는 1주에 한 번, 그 이후로는 2주에 한 번 주입합니다. 지금까지의 한 달 항암제 총량을 계산해보면 약 2000만원 상당의 항암치료를 하셨습니다. 뿐만 아니라, 어머니께서는 호흡이 어려운 상태라서 10월 19일 이후로 쭉 병원에서 치료를 하고 계시는 중입니다. 입원비용에 리브리반트 약제값까지 더해지니 현실적으로 병원비 납부에 대한 어려움이 있습니다. 

 감사하게도 혈액암협회에서 지원금이 나옵니다. 하지만 장기적으로 볼 때, 현실적인 도움이 되기는 어렵습니다. 이에 어머니께서는 초반에는 암을 이겨내겠다는 의지가 강하셨지만 중간계산서를 보고 나신 후 우울하게 침대에 누워계십니다. 아마도 자신이 가족의 짐이 될 수 있다는 죄책감 때문이겠지요...

 그렇다고 리브리반트 약제가 효과가 없었던 것도 아니었습니다. 연구 결과, 리브리반트의 객관적반응률은 40%로 기존 치료옵션의 반응률인 17%보다 높았으며, 전체 생존 기간 역시 리브리반트 실험군은 23개월로 기존 치료옵션의 12개월과 비교해 유의미한 개선을 확인할 수 있습니다. 뿐만 아니라 리브리반트는 A8 국가 중 3개국 이상에서 공적 급여가 되는 등 경평면제 요건을 충족한 것으로 알려져 일각에서는 리브리반트의 암질심 통과에 기대를 걸어 볼 만하다는 전망이 나오고 있는 상황입니다.
 
EGFR 엑손 20 삽입 변이를 유일하게 대항할 수 있는 표적항암제 리브리반트(아마반타맙)와 엑스키비티캡슐(모보서티닙)은 하나의 공통점이 있습니다. 이들 모두 기존에 효과적인 표적치료 옵션이 없어 화학요법만을 쓰고 있는 분야에서 초기 임상시험 데이터만으로 허가를 받았으며, 이 중 절반 이상이 식약처가 지정한 심속심사대상 약물이라는 것입니다.
즉, 생명과 직결된 질환에서 혁신성을 인정 받아 시급하게 도입이 추진된 약제라는 의미를 가지지만, 현실적으로는 국내 임상 환경에서는 보험급여가 적용되지 않아 사실상 환자들의 실질적 사용이 어려운 상황입니다. 이에 어머니 뿐만이 아니라 모든 엑손20변이 환우들이 치료를 받아서 죽음을 면할 수 있도록 도움을 주시면 정말 감사하겠습니다."
8,먹을 약이 없는 한국의 파킨슨 환자를 위한 치료제 보급 요청에 관한 청원,보건의료,2023-11-23,2023-10-23~2023-11-22,동의만료폐기,"1,383",최**,청원취지: 30년 특허가 풀린 복제약의  양성에 공급 중단되는  파킨슨병  오리지널 치료제를 지키고 원활한 약 공급으로  환자들의 치료를 돕기위함.,"한국의 파킨슨 환자들 먹을 약이 없다. 

1. 파킨슨병은 원인을 알 수 없는 질환입니다. 뇌의 도파민 신경세포가 서서히 사멸하는 퇴행성 뇌 질환입니다. 이를 원인으로 하여 필요한 뇌의 도파민 신경전달물질이 제대로 분비되지 못하여 경직, 떨림, 자세 불안정 등이 주요증상으로 나타납니다. 심한 경우 제대로 사회생활을 영위할 수 없으며 도파민 보충을 위해 평생 약을 먹어야 합니다.

 2. 레보도파제를 대표하는 ’씨네메트‘, ’마도파정‘은 병이 진행됨에 따라 한 번은 꼭 써야 하는 매우 중요한 약으로써 약의 복용은 환자에게 절대적이라 할 수 있습니다. 이런 이유로 환자에게 약은 생명과도 같습니다. 이렇게 중요한 파킨슨병 정통 치료제 약들이 2021년을 기점으로 해마다 한 건씩 공급 중단되기 시작하였습니다. 보편적으로 쓰이던 정통 치료제 약이 하나둘씩 철수하고 있습니다. 이유는 저가의 제네릭 복제약들 양산됨에 따라 임상학적 평가 보다  ’생물학적동등성시험‘만 거친 정부의 복제약 양성정책 때문입니다.

3. 레보도파제 2종, 효현제 1종이 한국을 떠났고 남은 리큅(효현제) 마저 10월까지 공급이 불투명해졌습니다. 파킨슨 환자를 위한 오리지널 치료제는 현재 모두 공급 중단되거나 한국을 떠나고 있습니다. 한국의 13만, 한국의 파킨슨 환자들은 공포에 떨고 있습니다.  
4. 복제약에 맞춰진 낮은 약가 정책은 상대적으로 사회 공헌도가 큰 정통 수입약의 약가를 떨어 트리고 공급 불안을 조성하며 국내 제조약과 수입약이 같은 약가 산정방식을 적용 받는 등의 문제점도 있습니다.

5. 2022년 공급이 중단된 ‘마도파정’은 21년 한해 처방 건수는 475,000으로 21년 연간 국내 판매액만 80~00억으로 많은 환자에게 보편적인 치료제로 사용하고 있습니다. 마도파정은 2022년 12월 공급 중단되었고 많은 환자가 복제약을 복용하였으나 복부팽만감, 증상악화, 구역, 구토 등의 또 다른 부작용에 시달리며 이중고를 겪고 있습니다.
   복제약이 맞지 않는 파킨슨 환자들은 죽음으로 내몰리고 있는 것이 현실입니다.  해외에서 정통 약을 사려 하니 해외 운송료가 50만 원입니다. 

6. 정부는 법을 지켜주십시요.희귀질환관리법 부칙에는""  파킨슨병을 포함한다“라고 명시했습니다. 과다한 의료비로 일어날 수 있는 가정파탄을 막아 보고자 하는 취지이나 약을 해외를 통해 구매할 때 마도파정의 경우 1,420원 하던 약값이 50만 원이 되었습니다. 건강보험 혜택도 받을 수 없습니다. 이 정도면 정부에서 대책을 세워 주셔야 할 때입니다. 
7. 공급 중단되고 있는 레보도파제( 씨네메트,씨네메트CR, 마도파정)과 효현제로 널리 쓰이고 있는 미라펙스,리큅등은 파킨슨병 치료에 중요한 역할을 하고 있는 약들입니다.

8. 대한민국의 파킨슨 환자들이 보편타당한 치료를 받을 수 있도록 대책을 세워 주시기를 당부드립니다."
9,공급 중단된 파킨슨병 치료제 ‘마도파정’ 재공급에 관한 청원,보건의료,2023-09-17,2023-08-17~2023-09-16,동의만료폐기,"2,313",최**,"의료복지의 사각지대로 내몰리는  13만,  파킨슨병 환우들의 문제를 해결하고 공급 중단된 오리지널 치료제‘마도파정’을 되찾기 위함.","1. 질병관리청 통계를 보면, 한국에는 2023년 기준 추정 약 13만 명의 파킨슨 환자들이 있습니다. 2020년 기준 11만 1,311명으로, 2016년 9만 6,499명보다 약 15.3% 증가했습니다. 해마다 늘어나는 등 젊게는 20대부터 85세까지 연령층도 다양하며 증가추세에 있습니다. 우리나라에서는 치매 다음으로 많은 숫자입니다.
 
2. 이들은 병의 원인도 모르고 근본치료가 되지 않으며 뇌에 부족한 도파민을 보충하며 하루하루를 힘겹게 살아가고 있습니다. 이들에게 약은 생명과도 같습니다. 하루를 생활하기 위해 3번의 약을 먹어야 하며 약 기운이 있을 때는 정상 생활이 가능하지만 약 기운이 빠져나갈 때가 되면 심한 오프현상(소진)으로 몸을 가누기조차 힘들어집니다. 뇌에 작용하는 민감도로 인해 약을 쉽게 바꿀 수 없으며 평생을 약에 의지하여 살아가게 됩니다.
 
3. 2022년 12.31일 기준으로 현재까지 파킨슨병 치료제 ‘마도파정’이 공급 중단되었습니다.
이로 인하여  환자들은 제네릭 복제약을 복용하게 되었고 약효 단축,  증상 악화, 복부 팽만감, 구역,구토등 부작용에 시달리고 있습니다. 

4. ‘마도파정’ 약은 1992년부터 파킨슨병 치료제로 스위스 로슈에서 수입 공급 해오던 전통 파킨슨병 오리지널 치료제입니다. 오랜 기간 환자들에게 절대적인 치료 약으로 자리매김해오던 약이 하루아침에 공급 중단되었습니다. 중단된 이유는 후발 등재된 M사의 제네릭 복제약과 심사평가원의  건보재정을 위한 ”5년간 가산된 약가“ 품목에 대해 한번도 협의없이 시행한  ‘ 약가 ’직권인하’가 원인이었습니다. 약에 대한 사회적 기여도 평가없이 오로지 건보 재정을 위한 약가 인하정책으로 말미암아 납품 단가가 22~23% 씩 인하된 수입업체는 낮은 마진율에 자발적으로 유통을 포기하였습니다.

5. 식품의약품안전처는 환자들이 복제약에 대해 환자가 느끼는 부작용등과 피로감, 체감도에는 상관없이 후발 등재된 “M사의 제네릭 복제약을 대체약으로 지정하고 대체약은 이중맹검과 다양한 임상의 부실 등으로 환자들이 부작용을 호소하고 있습니다, 성분이 같다는 이유로 이중맹검 없이, 생물학적 동등성 검사만을 한 채, 판매 승인을 내주는 등 복제약 양성에 정부는 힘을 쏟고 있습니다. 위에 언급한 복제약의  부작용은 힘 없고 아픈 환자들의 몫이 되어 환자들은 이중고를 격고 있습니다.

6. 파킨슨병은 도파민 신경세포가 이유없이 사멸하여 진행하는 병으로 진행에 따라 반드시 한번은 사용해야 하는 레보도파 계열의 대표적 도파민제제로 반드시 파킨슨병 환자들에게 절대적으로 필요한 약입니다. 현재, 환자들은 살기 위해 의료복지도 포기한 체 의료보험도 적용되지 않는 ‘해외직구’, ‘희귀질환의약품센터’를 이용하여 약을 구매하는 등 의료복지의 사각지대에 놓여있습니다.

 7. 희귀질환관리법 부칙 <법률 제13667호, 2015. 12. 29.> 에는 ”파킨슨병을 포함한다.“ 라고 되어있습니다. 이법의 목적은 환자의 과다한 의료비 노출로 인한 가정 파단을 막고 환자들의 사회복지 증진을 위해 만들어진 법으로 알고 있습니다.

8. 13만, 파킨슨병 환자들은 지금 의료복지의 사각지대에 놓여있습니다. 이들에게 희망은 공급 중단된 3종과 ”마도파정“ 공급이 정상적으로 이루어지는 것입니다.  정부는 하루 속히 파킨슨병 환자들의 희망과 의료복지 혜택이 이루어지게 하여 주시기를 간곡히 청원 드립니다."
10,다발골수종 엑스포비오 약제의 조속한 보험 급여 요청에 관한 청원,보건의료,2023-05-28,2023-04-27~2023-05-27,동의만료폐기,"2,804",백**,우리 환자에게 꼭 필요한 엑스포비오 약제가 눈 앞에 보이는 데도 불구 하고 보험 급여가 되지 않고 있어서 환자분들이 제대로 치료를 받지 못하고 사망을 거듭하고 있습니다,"안녕하세요. 저는 한국다발골수종환우회장 백민환입니다. 다발골수종은 몸에서 면역항체를 만드는 형질세포가 혈액암으로 변하여 주로 골수에서 증식하는 무서운 질환입니다. 주요 증상으로는 뼈병변, 신장기능 이상, 고칼슘혈증, 하지마비 등 다양한 증상이 몸 전체에서 발생하기 때문에 다발골수종이라고 합니다.

아직까지도 완치가 되지 않는 질환이며 약에 대해서는 내성이 생기기 때문에 항암치료 후 재발을 거듭하여서 지속적으로 신약을 써야 하는 중증 질환입니다. 또한 한달 전만 해도 큰이상없이 만났던 환자가 갑자기 운명을 달리 하는 무서운 질환 이기도 합니다.

현재 우리나라에 환자 수는 만여명에 달하고 있으며 혈액암이며 희귀난치성 질환으로 정의됩니다. 1차약을 쓰고 불응 또는 재발이 되면 2차약을 써야 하고 역시 불응 또는 재발시 3차, 4차 약을 써야 합니다.

다행히도 다발골수종의 치료는 CAR-T 치료를 비롯하여 새로운 치료제가 활발히 개발되고 있어서 최근에는 완치에 대한 기대가 커지고 있는 질환입니다. 국내에서도 최근 다발골수종 CAR-T가 허가를 받으면서 환자들이 큰 기대를 가지고 있습니다. 환자들은 급하지만, 국내에 CAR-T가 공급되기 까지는 준비 기간이 필요하다고 합니다.

결국 환자들은 다양한 좋은 치료제가 공급되기 전까지 현재의 치료제들을 잘 활용하여 다발골수종의 치료를 이어 나가야 합니다. 하지만 국내에서 급여 보험되는 약제는 4차 치료제까지 입니다. 5차 치료제로 엑스포비오가 2021년 7월 식약처 허가를 받았지만 아직까지도 보험 급여되지 않고 있어서 환자분들이 제대로 치료를 못 받고 사망을 거듭하고 있습니다.

엑스포비오는 미국과 유럽에서 허가 받고 사용되고 있으며 미국, 독일, 호주에서 이미 급여를 받았고 캐나다에서도 하반기에 급여가 될거라고 예측하고 있습니다. 임상적으로 효과와 안전성을 인정받은 신약인 엑스포비오가 왜 우리나라에서는 이렇게 급여가 늦어지고 있는지 안타까운 마음 이루 말할 수 없습니다.

꺼져가는 촛불과 같은 운명인 우리 다발골수종 환자들이 새로운 치료를 계속해서 완치의 희망을 연결해 나갈 수 있도록 엑스포비오의 조속한 보험 급여를 간곡히 요청 드립니다.

만해 한용운님의 시 중에 ‘타고 남은 재가 다시 기름이 됩니다’ 라는 글이 있습니다. 우리 암환자들이 치료를 잘 받고 다시 건강을 찾아서 가정의 평화와 더불어 사회로 복귀해서 경제도 발전하고 나라도 부강해질 수 있도록 엑스포비오 약제의 조속한 보험 급여를 해주시길 재차 간곡히 요청 드립니다."
11,백신 부작용 피해보상 특별법 제정 촉구에 관한 청원,보건의료,2022-11-28,2022-10-28~2022-11-27,동의만료폐기,285,김**,국회의원님들께 백신부작용 피해보상 특별법 제정을 촉구합니다.,"최근 입법 예고된 코로나 백신 피해보상 특별법 내용을 보니 몇 가지 신중한 고려가 필요한 사안이 있어 글을 씁니다.
1. 코로나 백신 뿐만 아니라 독감, 간염 등 다른 백신도 부작용 피해자가 엄청나게 많습니다. 코로나 백신이 아닌 백신
으로 해야 합니다.
-지금 껏 백신의 효용이 다수를 위한다는 핑계에 가려진 채 백신부작용으로 고통받는 국민들이 너무도 많습니다. 중증
희귀 질환에 시달리거나 사랑하는 가족을 잃는 피해자들이 계속해서 양산되고 있으며, 그 누구도 책임을 지지 않고 있
습니다. 최근 계속해서 드러나고 있는 코로나 백신의 문제점들과 같이 백신 접종을 중단하지 않으면 앞으로 수 없이 많
은 피해자들이 양산되게 됩니다.
2. 인과성 발병 기준 42일은 근거가 없습니다. 42일 내 발병을 삭제하고 발병기간을 없애야 합니다.
-코로나진실규명의사회 등 전문의의 분석에 따르면 코로나 백신 속 바이러스는 6개월~3년까지 증식하며 그로 인한 문
제는 이제 시작이라고 말하고 있습니다

3. 가장 중요한 문제인 '직접적인 인과성'이 아닌 '접종 후 발병'으로 수정해야 합니다. 이는 최근 법원의 판결에서도 나
왔듯이 간접적이던, 미세하던 인과성 없음을 정부가 증명하지 못하면 보상해야 합니다.
-정부가 나서서 백신패스 도입하며 국민들에게 코로나 백신 미접종시 사회생활에 불이익을 주며 거의 사실상 강제적으로 백신을 접종했으며, 그에 따른 부작용의 인과성 인정과 보상을 거부하며 국민에게 전가하는 것은 직무유기이며 국민을 농락하는 행위입니다

4. 피해보상의 범위와 규모를 대폭 확대해야 합니다. 정부는 백신 제조사를 상대로 피해보상 소송을 해야하며, 개인들의 제조사 상대 소송을 적극 지원해야 합니다.
국민을 위한 특별법이 자칫 국민에게 상처가 될 수도 있습니다.

 현재 피해 현장에서는 가장을 잃고 생계가 막막하신분, 부부 모두가 부작용으로 생계가 막막하신분, 의식없이 중환자실에 누워있는 자식을 돌보기 위해 생계를 내던지고 전재산을 쏟고 계신분들이 너무도 많습니다.
 그분들 모두 평범하게 하루하루 열심히 가족을 돌보며 살아오던 분들입니다. 그런 분들이 생계를 내팽게치고 길거리로 뛰쳐나와 목소리를 내고 있습니다.

 하루하루 감당하기 힘든 병원비에 슬픔에 젖어 길거리로 쫒겨날 지경에 이르렀습니다. 국가를 믿고 백신을 접종했는데 그렇게 집중치료실에서 수개월에서 1년을 넘게 투병하고 계신분들 국가가 책임지지 않으면, 그분들이 치료를 어떻게 이어갈 수 있겠으며, 가족을 잃은, 자식을 잃은 피해자들은 어떻게 이 나라에서 살아갈 수 있겠습니까?
 이런 대한민국이 과연 존재의 가치가 있다고 할 수 있겠습니까?
전문의의 분석에 따르면 백신속 바이러스 증식 기간을 6개월에서 3년이라고 합니다. 즉, 부작용은 이제 시작일뿐입니다.
 백신 부작용 피해보상 특별법의 제정은 매우 중요한 의제 입니다. 불필요하거나 검증되지 않은 백신으로 가족을 잃은 국민들께 큰
위로가 되는 중요한 의제입니다.
진정으로 국민을 생각하시는 의원님들께서 국민들을 위한 특별법을 입법 해주실 것을 수십만 피해자들이 간곡히 소망합니다"
12,모야모야병 환자 아이들의 학교 수업 개선에 관한 청원,교육,2022-06-27,2022-05-26~2022-06-26,동의만료폐기,222,성**,"아이들은 성장했을때 성인이 되면 국가의 일꾼 이며  대한민국의 젊은이로서 사회적 가치가 큽니다 하지만 병으로 인해서 
아무것도 해줄수가 없습니다. 그러니 국가의 지원보다도 건강을 위한 배려가 우선이다 생각을 합니다.","2019년 11월, 12월 (당시 딸 나이 만 10세) 두차례에 걸쳐서 12시간 넘게 희귀난치성 질환 모야모야병(이유를 알수 없는 뇌혈류 협착증) 진단을 받고 수술했습니다. 의사의 설명을 듣고 수술을 피하고 싶었지만 심각한 증상(증상이 한번 나타나면 3-4시간 마비, 뇌출혈 및 뇌경색의 위험)과 함께 수술할수 밖에 없는 상황이였고.. 하여 수술을 시켰습니다. 수술 하고도 증상은 있었지만 수술하기전 증상보다는 그나마 좋아 보였기에 좋아지겠지 하고 약 2년간 병간호에 힘썼습니다. 이제 딸아이가 커서 중학교에 입학했습니다. 학교만 가면 각종 없던 증상이 나오기까지 해서 여러번 병원에 갔습니다. MRI,MRA,혈관조영술,스펙트 뇌혈류 검사, CT뇌혈류검사등 교수님 하시는 예기가 모야모야병은 스트레스 받으면 안되니 각별히 주의를 요하라고 하더군요 또한 없는 증상중에 손이나 다리가 마음데로 움직이고 자꾸 몸 여러부위에 뭐가 붙어있다고 딸이 예기를 합니다. 집에서 몇일 쉬게 하면 증상발현이 확연히 떨어지더군요 의무교육인 학교를 보내야 하는데 보내면 증상이 나오고 여러가지 학교교칙에 맞게 진행하자니 담임선생님과 학교선생님등 여러가지 힘듬점이 야기되어지고 있습니다. 딸의 생명을 아끼는 아버지로서는 학교에 보내고 싶지 않습니다. 잘못되어 사망에 이르는 것은 보고 싶지 않아서 입니다. 한편으로는 중,고등학교 졸업장이라도 따야지 사회의 구성원으로서 무슨일이라도 할텐데 걱정도 합니다. 
학교에서는 1년간 60일 이상 결석하면 유급이 됩니다. 하지만 제 딸아이에게는 이것도 부족한듯 보입니다. 그러니 제발 모야모야병 환자 아이들에게는 학업이 정상적으로 이루어 질수 없으니 졸업장이라도 받을수 있도록 배려해 주셔서 결석 제한도 좀 풀어주시고 몸이 좀 괜찮아지면 다시 조금이라도 다닐수 있게 해서 학교는 졸업하게 도와주십시요! 어떠한 특수 학교나 기타 검정고시나 이런것으로 대체하기 이전에 학교에 행정적인(결석제한 풀어줌) 배려로 인해서 학교나 학부모나 어려움을 해결해주십시요 너무나 삶이 힘듭니다. 건강했던 제 마음도 우울증이 찾아와서 심지어 
자살하고픈 마음까지 들었습니다. 살수가 없습니다. 그러니 이글을 보시는 정부관계자 분들 시민 여러분들 도와주시어 졸업장이라도 건질수 있도록 
배려좀 부탁드립니다. 긴글 읽어주시어 감사합니다."
