disease_number,dise_name,KCD_code,sanjung_code,support_content
1272,(무한성) 외배엽형성이상\nEctodermal dysplasia (anhidrotic),Q82.4,V900,의료비(급여부분)
1271,"(승모판 협착 또는 폐쇄와 함께) 상행대동맥의 형성저하와 좌심실의 결손발육을 동반하는 대동맥구멍 및 판막의 폐쇄 또는 현저한 발육부전\nAtresia, or marked hypoplasia of aortic orifice or valve, with hypoplasia of ascending aorta and defective development of left ventricle (with mitral valve stenosis or atresia)",Q23.4,V147,의료비(급여부분)
1270,"(외)이도의 선천성 결여, 폐쇄, 협착\nCongenital absence, atresia and stricture of auditory canal(external)",Q16.1,V291,의료비(급여부분)
1269,(이상형태성) 태아알코올증후군\nFetal alcohol syndrome (dysmorphic),Q86.0,V157,의료비(급여부분)
1268,(하)(상)대정맥의 선천성 협착\nCongenital stenosis of vena cava (inferior)(superior),Q26.0,V150,의료비(급여부분)
1267,(혈청검사음성인) 연소성 다발관절염\nJuvenile polyarthritis (seronegative),M08.3,V133,의료비(급여부분)
1266,10단완 11-12 결손 증후군\n10p11-12 deletion syndrome,없음,V901,의료비(급여부분)
1265,10단완삼염색체증\nTrisomy 10p,Q92.2,V900,의료비(급여부분)
1264,10번 염색체 장완 말단부의 단일염색체증\nDistal monosomy 10q,없음,V901,의료비(급여부분)
1263,10번 염색체 장완의 22-23 부분의 미세결손 증후군\n10q22q23 microdeletion syndrome,없음,V901,의료비(급여부분)
1262,10번 염색체 장완의 결손 증후군\n10q deletion syndrome,없음,V901,의료비(급여부분)
1261,10번 염색체 장완의 중복 증후군\n10q duplication syndrome,없음,V901,의료비(급여부분)
1260,10장완 말단 삼염색체 증후군\nDistal 10q trisomy syndrome,없음,V900,의료비(급여부분)
1259,11번 염색체 장완의 말단부 삼염색체증\nDistal trisomy 11q,없음,V901,의료비(급여부분)
1258,11번 염색체 장완의 중복 증후군\n11q duplication syndrome,없음,V901,의료비(급여부분)
1257,12번 염색체 단완 13 부분의 미세중복\n12p13 microduplication,없음,V901,의료비(급여부분)
1256,12번 염색체 단완의 중복 증후군\n12p duplication syndrome,없음,V901,의료비(급여부분)
1255,12번 염색체 장완 13 부분의 미세중복\n12q13 microduplication,없음,V901,의료비(급여부분)
1254,12번 염색체 장완의 결손 증후군\n12q deletion syndrome,없음,V901,의료비(급여부분)
1253,12번 염색체 장완의 중복 증후군\n12q duplication syndrome,없음,V901,의료비(급여부분)
1252,13번 염색체 장완 12.3 부분의 미세결손 증후군\n13q12.3 microdeletion syndrome,없음,V901,의료비(급여부분)
1251,13번 염색체 장완 21-22 부분의 결손\n13q21-22 deletion,없음,V901,의료비(급여부분)
1250,13번 염색체 장완의 말단부 단일염색체증\nDistal monosomy 13q,없음,V901,의료비(급여부분)
1249,13번 염색체 장완의 부분 결손\nPartial deletion of the long arm of chromosome 13,없음,V901,의료비(급여부분)
1248,"13삼염색체증, 감수분열비분리\nTrisomy 13, meiotic nondisjunction",Q91.4,V160,의료비(급여부분)
1247,"13삼염색체증, 섞임증형(유사분열비분리)\nTrisomy 13, mosaicism (mitotic nondisjunction)",Q91.5,V160,의료비(급여부분)
1246,"13삼염색체증, 전위\nTrisomy 13, translocation",Q91.6,V160,의료비(급여부분)
1245,13삼염색체증후군\nTrisomy 13 Syndrome,Q91.7,V160,의료비(급여부분)
1244,14번 염색체 장완 24.2-31.1 부분의 미세결손\n14q24.2q31.1 microdeletion,없음,V901,의료비(급여부분)
1243,14번 염색체 장완 말단부의 단일염색체증\nDistal monosomy 14q,없음,V901,의료비(급여부분)
1242,14번 염색체 장완의 결손 증후군\n14q deletion syndrome,없음,V901,의료비(급여부분)
1241,15 장완13.3 미세결손 증후군\n15q13.3 microdeletion syndrome,Q93.5,V900,의료비(급여부분)
1240,15번 고리모양 염색체\nRing chromosome 15,없음,V901,의료비(급여부분)
1239,15번 염색체 장완의 결손 증후군\n15q deletion syndrome,없음,V901,의료비(급여부분)
1238,15번 염색체 장완의 중복 증후군\n15q duplication syndrome,없음,V901,의료비(급여부분)
1237,15장완 사염색체(증)(쌍중심절 15번 염색체 증후군)\nTetrasomy 15q (isodicentric 15 chromosome syndrome),Q93.2,V900,의료비(급여부분)
1236,15장완11-13 미세중복 증후군\n15q11q13 microduplication syndrome,Q92.3,V900,의료비(급여부분)
1235,15장완11.2 미세결손 증후군\n15q11.2 microdeletion syndrome,없음,V900,의료비(급여부분)
1234,16단완11.2 미세중복\n16p 11.2 microduplication,없음,V901,의료비(급여부분)
1233,16번 염색체 단완의 11-12 부분의 미세결손 증후군\n16p11p12 microdeletion syndrome,없음,V901,의료비(급여부분)
1232,16번 염색체 단완의 결손\nDeletion of short arm of chromosome 16,없음,V901,의료비(급여부분)
1231,16번 염색체 단완의 결손 증후군\n16p deletion syndrome,없음,V901,의료비(급여부분)
1230,16번 염색체 단완의 중복 증후군\n16p duplication syndrome,없음,V901,의료비(급여부분)
1229,16번 염색체 장완의 결손 증후군\n16q deletion syndrome,없음,V901,의료비(급여부분)
1228,16번 염색체 장완의 중복\n16q duplication,없음,V901,의료비(급여부분)
1227,17단완13.3 미세중복\n17p 13.3 microduplication,없음,V901,의료비(급여부분)
1226,17번 염색체 단완 13.1 부분의 미세결손 증후군\nDistal 17p13.1 microdeletion syndrome,없음,V901,의료비(급여부분)
1225,17번 염색체 단완 13.3 부분의 미세결손 증후군\nDistal 17p13.3 microdeletion syndrome,없음,V901,의료비(급여부분)
1224,17번 염색체 장완 21.31 부분의 미세중복 증후군\n17q21.31 microduplication syndrome,없음,V901,의료비(급여부분)
1223,17번 염색체 장완 25.1 부분의 중복 증후군\n17q25.1 duplication syndrome,없음,V901,의료비(급여부분)
1222,17번 염색체 장완의 결손 증후군\n17q deletion syndrome,없음,V901,의료비(급여부분)
1221,17번 염색체 장완의 중복 증후군\n17q duplication syndrome,없음,V901,의료비(급여부분)
1220,18 단완 염색체 결손\n18 short arm chromosome Deletion,Q93.5,V900,의료비(급여부분)
1219,18번 고리모양 염색체\nRing chromosome 18,없음,V901,의료비(급여부분)
1218,18번 염색체 단완의 사염색체증\nTetrasomy 18p,없음,V901,의료비(급여부분)
1217,18번 염색체 장완의 결손 증후군\n18q deletion syndrome,없음,V901,의료비(급여부분)
1216,18번 염색체 장완의 중복 증후군\n18q duplication syndrome,없음,V901,의료비(급여부분)
1215,"18삼염색체증, 감수분열비분리\nTrisomy 18, meiotic nondisjunction",Q91.0,V160,의료비(급여부분)
1214,"18삼염색체증, 섞임증형(유사분열비분리)\nTrisomy 18, mosaicism (mitotic nondisjunction)",Q91.1,V160,의료비(급여부분)
1213,"18삼염색체증, 전위\nTrisomy 18, translocation",Q91.2,V160,의료비(급여부분)
1212,18장완 말단부 결손 증후군\n18q distal deletion syndrome,Q93.5,V900,의료비(급여부분)
1211,18장완단일염색체증\n18q monosomy,Q93.5,V900,의료비(급여부분)
1210,19번 염색체 단완 13.3 부분의 중복\n19p13.3 duplication,없음,V901,의료비(급여부분)
1209,19번 염색체 단완의 결손 증후군\n19p deletion syndrome,없음,V901,의료비(급여부분)
1208,1단완36 미세결손증후군\n1p36 Microdeletion Syndrome,Q93.5,V900,의료비(급여부분)
1207,1번 염색체 단완 31-32 부분의 미세결손\n1p31-1p32 microdeletion,없음,V901,의료비(급여부분)
1206,1번 염색체 단완의 결손 증후군\n1p deletion syndrome,없음,V901,의료비(급여부분)
1205,1번 염색체 단완의 중복 증후군\n1p duplication syndrome,없음,V901,의료비(급여부분)
1204,1번 염색체 장완 21.1 부분의 중복 증후군\n1q21.1 duplication syndrome,없음,V901,의료비(급여부분)
1203,1번 염색체 장완 21.3 부분의 미세결손 증후군\n1q21.3 microdeletion syndrome,없음,V901,의료비(급여부분)
1202,1번 염색체 장완 44부분의 미세결손 증후군\n1q44 microdeletion syndrome,없음,V901,의료비(급여부분)
1201,1번 염색체 장완의 21.1 부분의 미세결손 증후군\n1q21.1 microdeletion syndrome,없음,V901,의료비(급여부분)
1200,20번 염색체 단완의 결손 증후군\n20p deletion syndrome,없음,V901,의료비(급여부분)
1199,20번 염색체 단완의 삼염색체증\nTrisomy 20p,Q92.8,V900,의료비(급여부분)
1198,20번 염색체 장완의 말단부 삼염색체증\nDistal trisomy 20q,없음,V901,의료비(급여부분)
1197,21-수산화효소결핍\n21-Hydroxylase deficiency,E25.0,V115,의료비(급여부분)
1196,21번 염색체 장완의 결손 증후군\n21q deletion syndrome,없음,V901,의료비(급여부분)
1195,21삼염색체증 NOS\nTrisomy 21 NOS,Q90.9,V159,의료비(급여부분)
1194,"21삼염색체증, 감수분열비분리\nTrisomy 21, meiotic nondisjunction",Q90.0,V159,의료비(급여부분)
1193,"21삼염색체증, 섞임증형(유사분열비분리)\nTrisomy 21, mosaicism (mitotic nondisjunction)",Q90.1,V159,의료비(급여부분)
1192,"21삼염색체증, 전위\nTrisomy 21, translocation",Q90.2,V159,의료비(급여부분)
1191,22번 염색체 장완의 결손 증후군\n22q deletion syndrome,없음,V901,의료비(급여부분)
1190,22번 염색체 장완의 중복 증후군\n22q duplication syndrome,없음,V901,의료비(급여부분)
1189,2번 염색체 단완 결손\n2p deletion,없음,V901,의료비(급여부분)
1188,2번 염색체 단완의 결손 증후군\n2p deletion syndrome,없음,V901,의료비(급여부분)
1187,2번 염색체 단완의 중복 증후군\n2p duplication syndrome,없음,V901,의료비(급여부분)
1186,2번 염색체 장완 33-37 부분의 중복 증후군\n2q33-37 duplication syndrome,없음,V901,의료비(급여부분)
1185,2번 염색체 장완의 24 부분의 미세결손 증후군\n2q24 microdeletion syndrome,없음,V901,의료비(급여부분)
1184,2번 염색체 장완의 31-33 부분의 미세결손\n2q31-q33 microdeletion,없음,V901,의료비(급여부분)
1183,2번 염색체 장완의 결손 증후군\n2q deletion syndrome,없음,V901,의료비(급여부분)
1182,2장완11 미세중복 증후군\n2q11 microduplication syndrome,없음,V900,의료비(급여부분)
1181,2장완37 미세결손 증후군\n2q37 microdeletion syndrome,Q93.5,V900,의료비(급여부분)
1180,3 장완29 미세결손 증후군\n3q29 microdeletion syndrome,Q93.5,V900,의료비(급여부분)
1179,3M 증후군\n3M syndrome,없음,V900,의료비(급여부분)
1178,3MC 증후군\n3MC syndrome (Malpuech-Michels-Mingarelli-Carnevale),없음,V900,의료비(급여부분)
1177,3번 염색체 단완의 결손\nDeletion of short arm of chromosome 3,없음,V901,의료비(급여부분)
1176,3번 염색체 단완의 결손 증후군\n3p deletion syndrome,없음,V901,의료비(급여부분)
1175,3번 염색체 장완 26 부분의 중복\n3q26 duplication,없음,V901,의료비(급여부분)
1174,3번 염색체 장완의 13.31 부분의 미세 결손 증후군\n3q13.31 microdeletion syndrome,없음,V901,의료비(급여부분)
1173,3번 염색체 장완의 결손\nDeletion of long arm of chromosome 3,없음,V901,의료비(급여부분)
1172,3번 염색체 장완의 결손 증후군\n3q deletion syndrome,없음,V901,의료비(급여부분)
1171,3번 염색체 장완의 중복 증후군\n3q duplication syndrome,없음,V901,의료비(급여부분)
1170,4 단완 염색체 부분 결손\nPartial deletion of the short arm of chromosome 4,Q93.3,V900,의료비(급여부분)
1169,4번 염색체 단완의 중복 증후군\n4p duplication syndrome,없음,V901,의료비(급여부분)
1168,4번 염색체 장완의 21 부분의 미세결손 증후군\n4q21 microdeletion syndrome,없음,V901,의료비(급여부분)
1167,4번 염색체 장완의 34 부분의 미세결손\n4q34 microdeletion,없음,V901,의료비(급여부분)
1166,4번 염색체 장완의 결손 증후군\n4q deletion syndrome,없음,V901,의료비(급여부분)
1165,5번 염색체 단완의 결손\nDeletion of short arm of chromosome 5,Q93.4,V205,의료비(급여부분)
1164,5번 염색체 장완 14.3 부분의 미세결손 증후군\n5q14.3 microdeletion syndrome,없음,V901,의료비(급여부분)
1163,5번 염색체 장완 31 부분의 미세결손으로 인한 가족성 만곡족\nFamilial clubfoot due to 5q31 microdeletion,없음,V901,의료비(급여부분)
1162,5번 염색체 장완 31.3 부분의 미세결손으로 인한 PURA 관련 신경발달 장애\nPURA-related neurodevelopmental disorders due to 5q31.3 microdeletion,없음,V900,의료비(급여부분)
1161,5번 염색체 장완 35 부분의 결손\n5q35 deletion,없음,V901,의료비(급여부분)
1160,5번 염색체 장완의 결손 증후군\n5q deletion syndrome,없음,V901,의료비(급여부분)
1159,5번 염색체 장완의 말단부 삼염색체증\nDistal 5q trisomy,없음,V901,의료비(급여부분)
1158,5번 염색체 장완의 중복 증후군\n5q duplication syndrome,없음,V901,의료비(급여부분)
1157,6번 염색체 단완의 결손 증후군\n6p deletion syndrome,없음,V901,의료비(급여부분)
1156,6번 염색체 장완 26 부분의 미세결손 증후군\n6q26 microdeletion syndrome,없음,V901,의료비(급여부분)
1155,6번 염색체 장완의 결손 증후군\n6q deletion syndrome,없음,V901,의료비(급여부분)
1154,6번 염색체 장완의 중복 증후군\n6q duplication syndrome,없음,V901,의료비(급여부분)
1153,7번 염색체 장완 36 부분의 미세결손 증후군\n7q36 microdeletion syndrome,없음,V901,의료비(급여부분)
1152,7번 염색체 장완의 결손 증후군\n7q deletion syndrome,없음,V901,의료비(급여부분)
1151,7번 염색체 장완의 중복 증후군\n7q duplication syndrome,없음,V901,의료비(급여부분)
1150,7장완11.22 미세결손 증후군\n7q 11.22 microdeletion syndrome,없음,V901,의료비(급여부분)
1149,7장완11.23 미세중복 증후군\n7q11.23 microduplication syndrome,Q92.3,V900,의료비(급여부분)
1148,7장완36 미세중복\n7q 36 microduplication,없음,V901,의료비(급여부분)
1147,8단완단일염색체증\n8p monosomy,없음,V901,의료비(급여부분)
1146,8번 삼염색체 섞임증\nMosaic trisomy 8,없음,V901,의료비(급여부분)
1145,8번 염색체 단완의 11.2 부분의 미세결손 증후군\n8p11.2 deletion syndrome,없음,V901,의료비(급여부분)
1144,8번 염색체 단완의 결손 증후군\n8p deletion syndrome,없음,V901,의료비(급여부분)
1143,8번 염색체 단완의 역중복-결실 증후군\n8p inverted duplication-deletion syndrome,없음,V901,의료비(급여부분)
1142,8번 염색체 단완의 중복 증후군\n8p duplication syndrome,없음,V901,의료비(급여부분)
1141,8번 염색체 장완의 21.11 부분의 미세결손 증후군\n8q21.11 microdeletion syndrome,없음,V901,의료비(급여부분)
1140,8번 염색체 장완의 22.1 부분의 미세 결손 증후군\n8q22.1 microdeletion syndrome,없음,V901,의료비(급여부분)
1139,8번 염색체 장완의 중복 증후군\n8q duplication syndrome,없음,V901,의료비(급여부분)
1138,9번 염색체 단완의 결손\nDeletion of short arm of chromosome 9,없음,V901,의료비(급여부분)
1137,9번 염색체 단완의 결손 증후군\n9p deletion syndrome,없음,V901,의료비(급여부분)
1136,9번 염색체 단완의 사염색체증\ntetrasomy 9p,없음,V901,의료비(급여부분)
1135,9번 염색체 단완의 중복\nDuplication of 9p,없음,V901,의료비(급여부분)
1134,9번 염색체 단완의 중복 증후군\n9p duplication syndrome,없음,V901,의료비(급여부분)
1133,9번 염색체 장완의 결손 증후군\n9q deletion syndrome,없음,V901,의료비(급여부분)
1132,9번 염색체 장완의 중복 증후군\n9q duplication syndrome,없음,V901,의료비(급여부분)
1131,ACOX1 관련 장애\nAcox1 related disorder,없음,V900,의료비(급여부분)
1130,AC글로불린결핍\nAC globulin deficiency,D68.2,V009,의료비(급여부분)
1129,ADCY5 관련 이상운동증\nADCY5-related dyskinesia,없음,V900,의료비(급여부분)
1128,ADNP 증후군(헬스무르텔-반데르아 증후군)\nADNP syndrome(Helsmoortel-VanDerAa Syndrome),Q87.8,V900,의료비(급여부분)
1127,ALS 결핍증\nAcid-Labile subunit deficiency (ALSD),없음,V900,의료비(급여부분)
1126,"ARC 증후군\nArthrogryposis, renal tubular dysfunction, and cholestasis (ARC syndrome)",없음,V900,의료비(급여부분)
1125,ATP1A3 관련 뇌병증\nATP1A3-related encephalopathy,없음,V900,의료비(급여부분)
1124,A형혈우병\nHaemophilia A,D66,V009,의료비(급여부분)
1123,B- 또는 T-세포에 대한 자가항체를 동반한 공통 가변성 면역결핍\nCommon variable immunodeficiency with autoantibodies to B-or T-cells,D83.2,V111,의료비(급여부분)
1122,B-세포 수 및 기능의 현저한 이상에 의한 공통 가변성 면역결핍\nCommon variable immunodeficiency with predominant abnormalities of B-cell numbers and function,D83.0,V111,의료비(급여부분)
1121,B-세포수가 정상이거나 감소된 중증복합면역결핍\nSevere combined immunodeficiency [SCID] with low or normal B-cell numbers,D81.2,V111,의료비(급여부분)
1120,B형혈우병\nHaemophilia B,D67,V009,의료비(급여부분)
1119,C1에스터레이스억제인자결핍\nC1 esterase inhibitor[C1-INH] deficiency,D84.1,V111,의료비(급여부분)
1118,CACNA1A 관련 장애\nCACNA1A-related disorder,없음,V900,의료비(급여부분)
1117,CASK 관련 장애\nCASK-related disorder,없음,V900,의료비(급여부분)
1116,CDKL5 관련 장애\nCDKL5-related disorder,없음,V900,의료비(급여부분)
1115,COL4A1 관련 장애\nCollagen alpha1(Ⅳ) chain related disorders,없음,V900,의료비(급여부분)
1114,COL4A3BP 관련 정신 지체\nCOL4A3BP-related mental retardation,없음,V900,의료비(급여부분)
1113,CTLA4 결핍\nCTLA4 deficiency,없음,V900,의료비(급여부분)
1112,CTNNB1 관련 장애\nCTNNB1-related disorder,없음,V900,의료비(급여부분)
1111,"CUL4B 관련 지적장애[카베자스형의 X염색체 연관 지적장애]\nCUL4B related intellectual disability[X-linked intellectual disability, Cabezas type]",없음,V900,의료비(급여부분)
1110,CUX1 유전자 변이\nCUX1 gene mutation,없음,V900,의료비(급여부분)
1109,C형혈우병\nHaemophilia C,D68.1,V009,의료비(급여부분)
1108,DDX3X 관련 장애\nDDX3X-related disorder,없음,V900,의료비(급여부분)
1107,DHDDS 유전자 변이에 의한 운동 이상을 동반하거나 동반하지 않는 발달지연 및 발작\nDevelopmental delay and seizures with or without movement abnormalities (DEDSM) due to DHDDS gene,없음,V900,의료비(급여부분)
1106,DLL1 관련 질환\nDLL1-related disorder,없음,V900,의료비(급여부분)
1105,DNA복구결손을 수반한 소뇌성 운동실조\nCerebellar ataxia with defective DNA repair,G11.3,V123,"의료비(급여부분), 간병비, 인공호흡기 및 기침유발기, 보조기기 구입"
1104,DOCK8 유전자 변이 또는 결손\nDOCK8 gene mutation or deletion,없음,V900,의료비(급여부분)
1103,DYRK1A 증후군\nDYRK1A syndrome,없음,V900,의료비(급여부분)
1102,Dent 질환\nDent disease,없음,V900,의료비(급여부분)
1101,FBXO11 관련 장애\nFBXO11-related disorder,없음,V900,의료비(급여부분)
1100,FG2 증후군\nFG2 syndrome,없음,V900,의료비(급여부분)
1099,FLNA 관련 뇌실주위 결절성 이소증\nFLNA-related periventricular nodular heterotopia,없음,V900,의료비(급여부분)
1098,Foxp4 관련 발달 장애\nFoxp4 related developmental disorder,없음,V900,의료비(급여부분)
1097,G6PD결핍빈혈\nG6PD deficiency anaemia,D55.0,V163,의료비(급여부분)
1096,GATA2 결핍\nGATA2 deficiency,없음,V900,의료비(급여부분)
1095,GATAD2B와 연관된 신경발달장애\nGATAD2B associated neurodevelopmental disorder[GAND],없음,V900,의료비(급여부분)
1094,GM₁-강글리오시드증\nGM₁-gangliosidosis,E75.1,V117,의료비(급여부분)
1093,GM₂-강글리오시드증\nGM₂-gangliosidosis,E75.0,V117,의료비(급여부분)
1092,GM₂-강글리오시드증 NOS\nGM₂gangliosidosis NOS,E75.0,V117,의료비(급여부분)
1091,GM₃-강글리오시드증\nGM₃-gangliosidosis,E75.1,V117,의료비(급여부분)
1090,GNAO1 뇌병증\nGNAO1 encephalopathy,없음,V900,의료비(급여부분)
1089,GNB1 관련 장애\nGNB1-related disorder,없음,V900,의료비(급여부분)
1088,GRIN2B 관련 발달지연\nGRIN2B related developmental delay,없음,V900,의료비(급여부분)
1087,HNRNPU-관련 장애\nHNRNPU-related disorder,없음,V900,의료비(급여부분)
1086,Hoyeraal-Hreidarsson 증후군\nHoyeraal-Hreidarsson syndrome,없음,V900,의료비(급여부분)
1085,KAT6B 관련 증후군\nKAT6B-related syndrome,없음,V900,의료비(급여부분)
1084,KID 증후군\nKID syndrome (Keratitis-ichthyosis-deafness),없음,V900,의료비(급여부분)
1083,"KIF11 관련 맥락막망막병증, 소두증, 정신지체\nKIF11 related chorioretinopathy, microcephaly, mental retardation",없음,V900,의료비(급여부분)
1082,KIF1A 유전자 돌연변이에 의한 신경병증\nNeuropathy due to KIF1A gene mutation,없음,V900,의료비(급여부분)
1081,KMT2B-관련 근긴장이상\nKMT2B-related dystonia,없음,V900,의료비(급여부분)
1080,L1 증후군\nL1 syndrome,없음,V900,의료비(급여부분)
1079,LRBA 결핍\nLRBA deficiency,없음,V900,의료비(급여부분)
1078,MED13L 증후군\nMED13L syndrome,없음,V900,의료비(급여부분)
1077,MEF2C 관련 증후군\nMEF2C-related syndrome,없음,V900,의료비(급여부분)
1076,METTL23 관련 발달지연\nMETTL23 related developmental delay,없음,V900,의료비(급여부분)
1075,MUTYH-연관 폴립증 (가족성 선종성 폴립증 2형)\nMUTYH-associated polyposis (Familial adenomatous polyposis type2),없음,V900,의료비(급여부분)
1074,Mesomelia-synostoses 증후군(8번 염색체 장완의 13부분의 미세결손 증후군)\nMesomelia-synostoses syndrome(8q13 microdeletion syndrome),없음,V900,의료비(급여부분)
1073,NACC1 관련 장애\nNACC1-related disorder,없음,V900,의료비(급여부분)
1072,NALCN 관련 장애\nNALCN-related disorder,없음,V900,의료비(급여부분)
1071,NKAP 관련 장애\nNKAP related disorder,없음,V900,의료비(급여부분)
1070,OPHN1 관련 장애\nOPHN1-related disorder,없음,V900,의료비(급여부분)
1069,PCDH 19 관련 뇌전증 증후군\nPCDH 19-related epilepsy syndrome,없음,V900,의료비(급여부분)
1068,POU3F3 관련 장애 (Snijders Blok-Fisher 증후군)\nPOU3F3-related disorder (Snijders Blok-Fisher syndrome),없음,V900,의료비(급여부분)
1067,PPP2R5D 관련 장애\nPPP2R5D-related disorder,없음,V900,의료비(급여부분)
1066,PTEN 과오종 종양 증후군\nPTEN Hamartoma Tumor Syndrome (PHTS),없음,V900,의료비(급여부분)
1065,RANBP2 관련 급성 뇌병증\nRANBP2 related acute encephalopathy,없음,V900,의료비(급여부분)
1064,Schimke 면역-골 형성이상\nSchimke immunosseous dysplasia (SIOD),없음,V900,의료비(급여부분)
1063,T- 및 B-세포수가 감소된 중증복합면역결핍\nSevere combined immunodeficiency [SCID] with low T-and B-cell numbers,D81.1,V111,의료비(급여부분)
1062,TRPM3 관련 장애\nTRPM3 reIated disorder,없음,V900,의료비(급여부분)
1061,Vici 증후군\nVici syndrome,없음,V900,의료비(급여부분)
1060,WAGR 증후군(11번 염색체 단완의 13부분 결손)\nWAGR syndrome(Deletion 11p13),없음,V900,의료비(급여부분)
1059,X 염색체장완의 28부분의 중복 증후군\nChromosome Xq28 duplication syndrome,없음,V901,의료비(급여부분)
1058,X-연관 림프증식성 질환\nX-linked lymphoproliferative disease,D82.3,V111,의료비(급여부분)
1057,X-연관 세포사멸사 억제인자 결핍\nX-linked inhibitor of apoptosis deficiency,없음,V900,의료비(급여부분)
1056,X-연관 연소성 망막분리\nX-linked juvenile retinoschisis,Q14.1,V900,의료비(급여부분)
1055,X-연관 열성 척수소뇌성 운동실조\nX-linked recessive spinocerebellar ataxia,G11.1,V123,"의료비(급여부분), 간병비, 인공호흡기 및 기침유발기, 보조기기 구입"
1054,X-연관 우성 연골형성이상\nX-linked dominant chondrodysplasia,Q77.3,V228,의료비(급여부분)
1053,X-연관무감마글로불린혈증[브루톤](성장호르몬결핍을 동반)\nX-linked agammaglobulinaemia [Bruton] (with growth hormone deficiency),D80.0,V111,의료비(급여부분)
1052,X-연관비늘증\nX-linked ichthyosis,Q80.1,V300,의료비(급여부분)
1051,X-연관비늘증; 스테로이드설파타제결핍\nX-linked ichthyosis; steroid sulfatase deficiency,Q80.1,V300,의료비(급여부분)
1050,X연관 정신지체-저긴장성 얼굴증후군\nX-linked mental retardation-hypotonic facies syndrome,없음,V900,의료비(급여부분)
1049,X염색체 장완의 중복 증후군\nXq duplication syndrome,없음,V901,의료비(급여부분)
1048,ZTTK 증후군\nZhu-Tokita-Takenouchi-Kim [ZTTK] syndrome,없음,V900,의료비(급여부분)
1047,"Ⅰ형 점액다당류증\nMucopolysaccharidosis, type Ⅰ",E76.0,V117,"의료비(급여부분), 간병비, 인공호흡기 및 기침유발기, 보조기기 구입"
1046,"Ⅱ형 점액다당류증\nMucopolysaccharidosis, type Ⅱ",E76.1,V117,"의료비(급여부분), 간병비, 인공호흡기 및 기침유발기, 보조기기 구입"
1045,"Ⅲ, Ⅳ, Ⅵ, Ⅶ형 점액다당류증\nMucopolysaccharidosis, types Ⅲ, Ⅳ, Ⅵ, Ⅶ",E76.2,V117,"의료비(급여부분), 간병비, 인공호흡기 및 기침유발기, 보조기기 구입"
1044,가부키 증후군\nKabuki syndrome,Q87.0,V900,의료비(급여부분)
1043,가브리엘레 드 브리스 증후군\nGabriele-de Vries syndrome,없음,V900,의료비(급여부분)
1042,가성 연골무형성 형성이상\nPseudoachondroplastic dysplasia,Q78.9,V900,의료비(급여부분)
1041,가성 장 폐색\nIntestinal pseudo-obstruction,K56.0,V312,의료비(급여부분)
1040,가족성 부신코티코이드결핍\nFamilial glucocorticoid deficiency,E27.1,V116,의료비(급여부분)
1039,가족성 운동신경세포병\nFamilial motor neuron disease,G12.20,V123,의료비(급여부분)
1038,가족성 저인산혈증\nFamilial hypophosphataemia,E83.3,V189,의료비(급여부분)
1037,가족성 저형성빈혈\nFamilial hypoplastic anaemia,D61.0,V023,의료비(급여부분)
1036,가족성 지중해열\nFamilial Mediterranean fever,E85.0,V121,의료비(급여부분)
1035,가족성 칸디다증\nFamilial candidiasis,없음,V900,의료비(급여부분)
1034,가족성 혈구탐식세망증\nFamilial haemophagocytic reticulosis,D76.1,V110,의료비(급여부분)
1033,가족성 흉부 대동맥동맥류 및 박리\nFamilial thoracic aortic aneurysm and dissection,없음,V900,의료비(급여부분)
1032,가족성선종성폴립증\nFamilial adenomatous polyposis,D12.6,V281,의료비(급여부분)
1031,각막결막염을(를) 동반한 쉐그렌증후군\nSjogren’s syndrome with keratoconjunctivitis,M35.0,V139,의료비(급여부분)
1030,간인산화효소결핍\nLiver phosphorylase deficiency,E74.0,V117,"의료비(급여부분), 간병비, 인공호흡기 및 기침유발기, 보조기기 구입"
1029,갈락토스대사장애\nDisorders of galactose metabolism,E74.2,V117,의료비(급여부분)
1028,갈락토스혈증\nGalactosaemia,E74.2,V117,의료비(급여부분)
1027,갈락토카이네이스결핍\nGalactokinase deficiency,E74.2,V117,의료비(급여부분)
1026,갈로웨이-모왓 증후군\nGalloway Mowat syndrome,없음,V900,의료비(급여부분)
1025,감마글루타밀회로의 장애\nDisorders of γ-glutamyl cycle,E72.8,V117,의료비(급여부분)
1024,강글리오시드증 NOS\nGangliosidosis NOS,E75.1,V117,의료비(급여부분)
1023,강직인간증후군\nStiff-person[man] syndrome,G25.8,V900,의료비(급여부분)
1022,"강직척추염, 경부\nAnkylosing spondylitis, cervical region",M45.2,V140,의료비(급여부분)
1021,"강직척추염, 경흉추부\nAnkylosing spondylitis, cervicothoracic region",M45.3,V140,의료비(급여부분)
1020,"강직척추염, 요천부\nAnkylosing spondylitis, lumbosacral region",M45.7,V140,의료비(급여부분)
1019,"강직척추염, 요추부\nAnkylosing spondylitis, lumbar region",M45.6,V140,의료비(급여부분)
1018,"강직척추염, 척추의 여러 부위\nAnkylosing spondylitis, multiple sites in spine",M45.0,V140,의료비(급여부분)
1017,"강직척추염, 천추 및 천미추부\nAnkylosing spondylitis, sacral and sacrococcygeal region",M45.8,V140,의료비(급여부분)
1016,"강직척추염, 후두환축부\nAnkylosing spondylitis, occipito-atlanto-axial region",M45.1,V140,의료비(급여부분)
1015,"강직척추염, 흉요추부\nAnkylosing spondylitis, thoracolumbar region",M45.5,V140,의료비(급여부분)
1014,"강직척추염, 흉추부\nAnkylosing spondylitis, thoracic region",M45.4,V140,의료비(급여부분)
1013,거대뇌증-모세혈관 기형-다발미세이랑 증후군\nMegalencephaly-capillary malformation-polymicrogyria syndrome,없음,V900,의료비(급여부분)
1012,거대방광-미세결장-장연동저하 증후군(MMIHS)\nMegacystis-microcolon-intestinal hypoperistalsis syndrome (MMIHS),없음,V900,의료비(급여부분)
1011,거의 정상의 면역글로불린 또는 고면역글로불린혈증을 동반한 항체결핍\nAntibody deficiency with near-normal immunoglobulins or with hyperimmunoglobulinaemia,D80.6,V111,의료비(급여부분)
1010,거짓 부갑상선기능저하증\nPseudohypoparathyroidism,E20.1,V900,의료비(급여부분)
1009,거짓근긴장증\nPseudomyotonia,G71.1,V012,"의료비(급여부분), 간병비, 인공호흡기 및 기침유발기, 보조기기 구입"
1008,건조증후군[쉐그렌]\nSicca syndrome[Sjögren],M35.0,V139,의료비(급여부분)
1007,결절성 경화증\nTuberous sclerosis,Q85.1,V204,의료비(급여부분)
1006,결절성 다발동맥염\nPolyarteritis nodosa,M30.0,V134,의료비(급여부분)
1005,고라이신혈증\nHyperlysinaemia,E72.3,V117,의료비(급여부분)
1004,고류신-이소류신혈증\nHyperleucine-isoleucinaemia,E71.1,V117,"의료비(급여부분), 특수식이 구입비"
1003,고린-샤우드리-모스 증후군\nGorlin-Chaudhry-Moss syndrome,Q87.0,V185,의료비(급여부분)
1002,고린증후군\nGorlin syndrome,없음,V900,의료비(급여부분)
1001,고면역글로불린E증후군\nHyperimmunoglobulin E [IgE] syndrome,D82.4,V111,의료비(급여부분)
1000,고밀도침착병을 동반한 신증후군\nNephrotic syndrome with dense deposit disease,N04.6,V263,의료비(급여부분)
999,고발린혈증\nHypervalinaemia,E71.1,V117,"의료비(급여부분), 특수식이 구입비"
998,고쉐병\nGaucher’s disease,E75.2,V117,의료비(급여부분)
997,고암모니아혈증\nHyperammonaemia,E72.2,V117,"의료비(급여부분), 특수식이 구입비"
996,고양이울음증후군\nCri-du-chat syndrome,Q93.4,V205,의료비(급여부분)
995,고전적 페닐케톤뇨증\nClassical phenylketonuria,E70.0,V117,"의료비(급여부분), 특수식이 구입비"
994,고전적 혈우병\nClassical haemophilia,D66,V009,의료비(급여부분)
993,"고프롤린혈증(Ⅰ, Ⅱ형)\nHyperprolinaemia (typesⅠ, Ⅱ)",E72.5,V117,의료비(급여부분)
992,고하이드록시프롤린혈증\nHyperhydroxyprolinaemia,E72.5,V117,의료비(급여부분)
991,고함-스타우트 병\nGorham-Stout disease (GSD),없음,V900,의료비(급여부분)
990,고호모시스테인혈증\nHyperhomocysteinemia,E72.1,V117,의료비(급여부분)
989,"골간단연골형성이상, 슈미드형\nMetaphyseal chondrodysplasia, Schmid type",Q78.5,V900,의료비(급여부분)
988,골간병적조직연결\nDiaphyseal aclasis,Q78.6,V242,의료비(급여부분)
987,골덴하 증후군\nGoldenhar syndrome,Q87.0,V185,의료비(급여부분)
986,골드베르그-쉬프린첸 증후군\nGoldberg-Shprintzen syndrome,없음,V900,의료비(급여부분)
985,골수형성저하\nMedullary hypoplasia,D61.9,V023,의료비(급여부분)
984,골취약증\nFragilitas ossium,Q78.0,V183,의료비(급여부분)
984,골취약증\nOsteopsathyrosis,Q78.0,V183,의료비(급여부분)
982,골츠 증후군\nGoltz syndrome,없음,V900,의료비(급여부분)
981,골화석증\nOsteopetrosis,Q78.2,V229,의료비(급여부분)
980,공통가변성 무감마글로불린혈증\nCommon variable agammaglobulinaemia [CVAgamma],D80.1,V111,의료비(급여부분)
979,관상골 및 척추의 성장결손을 동반한 기타 골연골형성이상\nOther osteochondrodysplasia with defects of growth of tubular bones and spine,Q77.8,V228,의료비(급여부분)
978,"관상골 및 척추의 성장결손을 동반한 상세불명의 골연골형성이상\nOsteochondrodysplasia with defects of growth of tubular bones and spine, unspecified",Q77.9,V228,의료비(급여부분)
977,관상동맥혈관의 기형\nMalformation of coronary vessels,Q24.5,V148,의료비(급여부분)
976,괴사성 호흡기육아종증\nNecrotizing respiratory granulomatosis,M31.3,V135,의료비(급여부분)
975,교차증후군\nCross syndrome,E70.3,V117,의료비(급여부분)
974,구리대사장애\nDisorders of copper metabolism,E83.0,V119,의료비(급여부분)
973,구축-발달지연-피에르 로빈 증후군(5장완23 미세결손 증후군)\nContractures-developmental delay-Pierre Robin syndrome (5q23 microdeletion syndrome),없음,V900,의료비(급여부분)
972,국소적 아밀로이드증\nLocalized amyloidosis,E85.4,V121,의료비(급여부분)
971,굴지 형성이상\nCampomelic dysplasia,Q87.1,V900,의료비(급여부분)
970,굿파스쳐증후군\nGoodpasture’s syndrome,M31.0,V135,의료비(급여부분)
969,궤양성 (만성) 범결장염\nUlcerative (chronic) pancolitis,K51.0,V131,의료비(급여부분)
968,궤양성 (만성) 직장염\nUlcerative (chronic) proctitis,K51.2,V131,의료비(급여부분)
967,귓바퀴-관절돌기 증후군 2\nAuriculo-condylar syndrome 2,없음,V900,의료비(급여부분)
966,그레이혈소판증후군\nGrey platelet syndrome,D69.1,V106,의료비(급여부분)
965,근골격계통의 기타 선천기형\nOther congenital malformations of musculoskeletal system,Q79.8,V155,의료비(급여부분)
964,"근골격계통의 상세불명의 선천기형\nCongenital malformation of musculoskeletal system, unspecified",Q79.9,V155,의료비(급여부분)
963,근골격계통의 선천변형 NOS\nCongenital deformity of musculoskeletal system NOS,Q79.9,V155,의료비(급여부분)
962,근골격계통의 선천이상 NOS\nCongenital anomaly of musculoskeletal system NOS,Q79.9,V155,의료비(급여부분)
961,근긴장디스트로피[스타이너트]\nDystrophia myotonica[Steinert],G71.1,V012,"의료비(급여부분), 간병비, 인공호흡기 및 기침유발기, 보조기기 구입"
960,근긴장이상을 동반한 고망간혈증\nHypermanganesemia with dystonia,없음,V900,의료비(급여부분)
959,근긴장장애\nMyotonic disorders,G71.1,V012,"의료비(급여부분), 간병비, 인공호흡기 및 기침유발기, 보조기기 구입"
958,근디스트로피\nMuscular dystrophy,G71.0,V012,"의료비(급여부분), 간병비, 인공호흡기 및 기침유발기, 보조기기 구입"
957,근병증을 동반한 전신경화증\nSystemic sclerosis with myopathy,M34.8,V138,의료비(급여부분)
956,근병증을(를) 동반한 쉐그렌증후군\nSjogren’s syndrome with myopathy,M35.0,V139,의료비(급여부분)
955,근섬유의 특정 형태이상을 동반한 선천성 근디스트로피\nCongenital muscular dystrophy with specific morphological abnormalities of the muscle fibre,G71.2,V012,"의료비(급여부분), 간병비, 인공호흡기 및 기침유발기, 보조기기 구입"
954,근섬유형 불균형\nFibre-type disproportion,G71.2,V012,"의료비(급여부분), 간병비, 인공호흡기 및 기침유발기, 보조기기 구입"
953,근세관성 (중심핵성) 근병증\nMyotubular (centronuclear) myopathy,G71.2,V012,"의료비(급여부분), 간병비, 인공호흡기 및 기침유발기, 보조기기 구입"
952,근육의 결여\nAbsence of muscle,Q79.8,V155,의료비(급여부분)
951,근육카르니틴팔미틸트란스퍼레이스결핍\nMuscle carnitine palmityltransferase deficiency,E71.3,V117,의료비(급여부분)
950,글라스증후군\nGlass syndrome,없음,V900,의료비(급여부분)
949,글라이신대사장애\nDisorders of glycine metabolism,E72.5,V117,"의료비(급여부분), 특수식이 구입비"
948,글란즈만병\nGlanzmann’s disease,D69.1,V106,의료비(급여부분)
947,글루타르산뇨\nGlutaric aciduria,E72.3,V117,"의료비(급여부분), 특수식이 구입비"
946,글리코젠축적병\nGlycogen storage disease,E74.0,V117,"의료비(급여부분), 간병비, 인공호흡기 및 기침유발기, 보조기기 구입"
945,글리코젠축적병 1b형 A\nGlycogen storage disease 1b type A,E74.0,V117,"의료비(급여부분), 간병비, 인공호흡기 및 기침유발기, 보조기기 구입"
944,글리코젠합성효소결핍\nGlycogen synthase deficiency,E74.0,V117,"의료비(급여부분), 간병비, 인공호흡기 및 기침유발기, 보조기기 구입"
943,급성 간헐성 (간성) 포르피린증\nAcute intermittent(hepatic) porphyria,E80.2,V118,의료비(급여부분)
942,기관 또는 계통 침범을 동반한 전신홍반루푸스\nSystemic lupus erythematosus with organ or system involvement,M32.1,V136,의료비(급여부분)
941,기관한정아밀로이드증\nOrgan-limited amyloidosis,E85.4,V121,의료비(급여부분)
940,기타 고페닐알라닌혈증\nOther hyperphenylalaninaemias,E70.1,V117,"의료비(급여부분), 특수식이 구입비"
939,기타 궤양성 대장염\nOther ulcerative colitis,K51.8,V131,의료비(급여부분)
938,기타 뇌전증지속상태\nOther status epilepticus,G41.8,V125,의료비(급여부분)
937,기타 및 복합부위의 사르코이드증\nSarcoidosis of other and combined sites,D86.8,V111,의료비(급여부분)
936,기타 뼈의 파젯병\nPaget’s disease of other bones,M88.8,V213,의료비(급여부분)
935,기타 유전성 운동실조\nOther hereditary ataxias,G11.8,V123,"의료비(급여부분), 간병비, 인공호흡기 및 기침유발기, 보조기기 구입"
934,기타 유전성 척수성 근위축\nOther inherited spinal muscular atrophy,G12.1,V123,"의료비(급여부분), 간병비, 인공호흡기 및 기침유발기, 보조기기 구입"
933,기타 응고인자의 유전성 결핍\nHereditary deficiency of other clotting factors,D68.2,V009,의료비(급여부분)
932,기타 척수성 근위축 및 관련 증후군\nOther spinal muscular atrophies and related syndromes,G12.8,V123,"의료비(급여부분), 간병비, 인공호흡기 및 기침유발기, 보조기기 구입"
931,기타 피부근염\nOther dermatomyositis,M33.1,V137,의료비(급여부분)
930,기형을 동반한 범혈구감소증\nPancytopenia with malformations,D61.0,V023,의료비(급여부분)
929,긴QT증후군\nLong QT syndrome,I49.82,V296,의료비(급여부분)
928,긴장-간대성 뇌전증지속상태\nTonic-clonic status epilepticus,G41.0,V125,의료비(급여부분)
927,길랭-바레증후군\nGuillain-Barré syndrome,G61.0,V126,"의료비(급여부분), 간병비, 인공호흡기 및 기침유발기, 보조기기 구입"
926,나팔꽃 증후군\nMorning glory syndrome,Q14.2,V900,의료비(급여부분)
925,낙엽천포창\nPemphigus foliaceus,L10.2,V210,의료비(급여부분)
924,난청-뇌병증-유사 리이를 동반한 3-메틸클루타코닉 산뇨 (MEGDEL) 증후군\n3-methylglutaconic aciduria with deafness-encephalopathy-Leigh-like(MEGDEL) syndrome,없음,V900,의료비(급여부분)
923,낭성 섬유증에서의 태변장폐색\nMeconium ileus in cystic fibrosis,E84.1,V120,의료비(급여부분)
922,내연골종증\nEnchondromatosis,Q78.4,V230,의료비(급여부분)
921,네말린근병증\nNemaline myopathy,G71.2,V012,"의료비(급여부분), 간병비, 인공호흡기 및 기침유발기, 보조기기 구입"
920,네젤로프증후군\nNezelof’s syndrome,D81.4,V111,의료비(급여부분)
919,넬슨증후군\nNelson’s syndrome,E24.1,V114,의료비(급여부분)
918,노년성 황반변성(삼출성)\nSenile macular degeneration (exudative),H35.31,V201,의료비(급여부분)
917,노리에병\nNorrie disease,없음,V900,의료비(급여부분)
916,노출림프구증후군\nBare lymphocyte syndrome,D81.6,V111,의료비(급여부분)
915,뇌-폐-갑상선 증후군\nBrain-lung-thyroid syndrome,없음,V900,의료비(급여부분)
914,뇌간(∼의) 다발경화증\nMultiple sclerosis (of) brain stem,G35,V022,"의료비(급여부분), 간병비, 인공호흡기 및 기침유발기, 보조기기 구입"
913,뇌전증 압상스지속상태\nEpileptic absence status,G41.1,V125,의료비(급여부분)
912,뇌전증에 동반된 후천성 실어증(失語症)[란다우-클레프너]\nAcquired aphasia with epilepsy [Landau-Kleffner],F80.3,V256,의료비(급여부분)
911,뇌하수체 부신피질자극호르몬의 과다생산\nOverproduction of pituitary ACTH,E24.0,V114,의료비(급여부분)
910,뇌하수체-의존 부신피질기능항진증\nPituitary-dependent hyperadrenocorticism,E24.0,V114,의료비(급여부분)
909,뇌하수체-의존 쿠싱병\nPituitary-dependent Cushing’s disease,E24.0,V114,의료비(급여부분)
908,뇌하수체의 양성 신생물\nBenign neoplasm of pituitary gland,D35.2,V162,의료비(급여부분)
907,누난 증후군\nNoonan syndrome,Q87.1,V158,의료비(급여부분)
906,눈 근디스트로피\nOcular muscular dystrophy,G71.0,V012,"의료비(급여부분), 간병비, 인공호흡기 및 기침유발기, 보조기기 구입"
905,눈백색증\nOcular albinism,E70.3,V117,의료비(급여부분)
904,눈인두성 근디스트로피\nOculopharyngeal muscular dystrophy,G71.0,V012,"의료비(급여부분), 간병비, 인공호흡기 및 기침유발기, 보조기기 구입"
903,눈피부백색증\nOculocutaneous albinism,E70.3,V117,의료비(급여부분)
902,니만-픽병\nNiemann-Pick’s disease,E75.2,V117,의료비(급여부분)
901,니콜라이데스-바라이서 증후군\nNicolaides-Baraitser syndrome,없음,V900,의료비(급여부분)
900,다골성 섬유성 형성이상\nPolyostotic fibrous dysplasia,Q78.1,V154,의료비(급여부분)
899,"다낭성 신장, 보통염색체열성\nPolycystic kidney, autosomal recessive",Q61.1,V264,의료비(급여부분)
898,"다낭성 신장, 보통염색체우성\nPolycystic kidney, autosomal dominant",Q61.2,V264,의료비(급여부분)
897,"다낭성 신장, 영아형\nPolycystic kidney, infantile type",Q61.1,V264,의료비(급여부분)
896,다논 병\nDanon disease,없음,V900,의료비(급여부분)
895,다발경화증\nMultiple sclerosis,G35,V022,"의료비(급여부분), 간병비, 인공호흡기 및 기침유발기, 보조기기 구입"
894,다발경화증 NOS\nMultiple sclerosis (of) NOS,G35,V022,"의료비(급여부분), 간병비, 인공호흡기 및 기침유발기, 보조기기 구입"
893,다발근염\nPolymyositis,M33.2,V137,의료비(급여부분)
892,다발미세이랑증\nPolymicrogyria,Q04.3,V900,의료비(급여부분)
891,다발선천외골증\nMultiple congenital exostoses,Q78.6,V242,의료비(급여부분)
890,다발선천이상-근긴장저하-발작 증후군\nMultiple congenital anomalies-hypotonia-seizures syndrome,없음,V900,의료비(급여부분)
889,다발성 골단 형성이상\nMultiple epiphyseal dysplasia,Q77.3,V900,의료비(급여부분)
888,다발심 병\nMulticore disease,G71.2,V012,"의료비(급여부분), 간병비, 인공호흡기 및 기침유발기, 보조기기 구입"
887,다중심성 골용해-결정증-관절병증 [MONA]\nMulticentric osteolysis- nodulosis-arthropathy [MONA],없음,V900,의료비(급여부분)
886,다초점 섬유경화증\nMultifocal fibrosclerosis,M35.5,V139,의료비(급여부분)
885,다초점 운동신경병증\nMultifocal Motor Neuropathy,G61.8,V126,의료비(급여부분)
884,다케노우치-코사키 증후군\nTakenouchi-Kosaki syndrome,없음,V900,의료비(급여부분)
883,다형핵호중구의 기능장애\nFunctional disorders of polymorphonuclear neutrophils,D71,V109,의료비(급여부분)
882,단백질C결핍\nProtein C deficiency,D68.5,V900,의료비(급여부분)
881,단백질S결핍\nProtein S deficiency,D68.5,V900,의료비(급여부분)
880,단순 수포성 표피박리증\nEpidermolysis bullosa simplex,Q81.0,V900,의료비(급여부분)
879,"단신, 시신경 위축 및 펠거-휴엣 이상 증후군\nShort stature, optic atrophy and Pelger-Huët anomaly syndrome",없음,V900,의료비(급여부분)
878,단안증\nCyclopia,Q87.0,V185,의료비(급여부분)
877,단일심실\nSingle ventricle,Q20.4,V225,의료비(급여부분)
876,단일유전자성 홍반성루푸스\nMonogenic lupus erythematosus,없음,V900,의료비(급여부분)
875,단풍시럽뇨병\nMaple-syrup-urine disease,E71.0,V117,"의료비(급여부분), 특수식이 구입비"
874,단핵탐식세포의 조직구증\nHistiocytoses of mononuclear phagocytes,D76.1,V110,의료비(급여부분)
873,"달리 분류되지 않은 미토콘드리아근병증\nMitochondrial myopathy, NEC",G71.3,V012,"의료비(급여부분), 간병비, 인공호흡기 및 기침유발기, 보조기기 구입"
872,담관의 폐쇄\nAtresia of bile ducts,Q44.2,V181,의료비(급여부분)
871,당단백질분해의 결손\nDefects in glycoprotein degradation,E77.1,V117,의료비(급여부분)
870,대결절성 부신증식증\nMacronodular adrenal hyperplasia,없음,V900,의료비(급여부분)
869,대뇌 크레아틴 결핍 증후군\nCerebral creatine deficiency syndrome,없음,V900,의료비(급여부분)
868,대뇌-안구-치아-귀-골격 이상 증후군 [CODAS 증후군]\nCerebral-ocular-dental-auricular-skeletal anomaly syndrome [CODAS syndrome],없음,V900,의료비(급여부분)
867,대뇌건의 콜레스테롤증[밴보게르트-쉐러-엡스타인]\nCerebrotendinous cholesterosis [van Bogaert-Scherer-Epstein],E75.5,V117,의료비(급여부분)
866,대동맥궁증후군[다까야수]\nAortic arch syndrome [Takayasu],M31.4,V135,의료비(급여부분)
865,대동맥의 우측전위\nDextrotransposition of aorta,Q20.3,V144,의료비(급여부분)
864,대동맥의 축착\nCoarctation of aorta,Q25.1,V272,의료비(급여부분)
863,"대동맥의 축착(관전, 관후)\nCoarctation of aorta (preductal, postductal)",Q25.1,V272,의료비(급여부분)
862,대동맥의 폐쇄\nAtresia of aorta,Q25.2,V272,의료비(급여부분)
861,대동맥의 협착\nStenosis of aorta,Q25.3,V272,의료비(급여부분)
860,대동맥중격결손\nAortic septal defect,Q21.4,V269,의료비(급여부분)
859,대동맥판 및 승모판의 기타 선천기형\nOther congenital malformations of aortic and mitral valves,Q23.8,V147,의료비(급여부분)
858,"대동맥판 및 승모판의 상세불명의 선천기형\nCongenital malformation of aortic and mitral valves, unspecified",Q23.9,V147,의료비(급여부분)
857,대동맥판의 선천성 기능부전\nCongenital insufficiency of aortic valve,Q23.1,V147,의료비(급여부분)
856,대동맥판의 선천협착\nCongenital stenosis of aortic valve,Q23.0,V147,의료비(급여부분)
855,대동맥폐동맥중격결손\nAortopulmonary septal defect,Q21.4,V269,의료비(급여부분)
854,대동맥폐동맥창\nAortopulmonary window,Q21.4,V269,의료비(급여부분)
853,대발작 뇌전증지속상태\nGrand mal status epilepticus,G41.0,V125,의료비(급여부분)
852,대장의 크론병\nCrohn’s disease of large intestine,K50.1,V130,의료비(급여부분)
851,대정맥의 선천성 협착\nCongenital stenosis of vena cava,Q26.0,V150,의료비(급여부분)
850,대혈관의 (완전)전위\nTransposition of great vessels (complete),Q20.3,V144,의료비(급여부분)
849,댄디-워커증후군\nDandy-Walker syndrome,Q03.1,V239,의료비(급여부분)
848,데니스-드래쉬 증후군\nDenys-Drash syndrome,없음,V900,의료비(급여부분)
847,데제린-소타스병\nDéjerine-Sottas disease,G60.0,V169,"의료비(급여부분), 인공호흡기 및 기침유발기"
846,델타-베타지중해빈혈\nDelta-beta thalassaemia,D56.2,V232,의료비(급여부분)
845,돌발성 운동유발 이상운동\nParoxysmal kinesigenic dyskinesia[PKD],G24.8,V900,의료비(급여부분)
844,동맥간존속\nPersistent truncus arteriosus,Q20.0,V144,의료비(급여부분)
843,"동안실행증(失行症), 코간형\nOcular motor apraxia, Cogan type",H51.8,V900,의료비(급여부분)
842,"동인자(Xq)를 제외한 이상 성염색체를 가진 핵형46, X\nKaryotype 46, X with abnormal sex chromosome, except iso(Xq)",Q96.2,V021,의료비(급여부분)
841,동형접합 가족성 고콜레스테롤혈증\nFamilial hypercholesterolemia homozygote,없음,V900,의료비(급여부분)
840,두개골간단형성부전증\nCraniometaphyseal dysplasia,없음,V900,의료비(급여부분)
839,두개골유합\nCraniosynostosis,Q75.0,V265,의료비(급여부분)
838,두개골의 불완전유합\nImperfect fusion of skull,Q75.0,V265,의료비(급여부분)
837,두개골의 파젯병\nPaget’s disease of skull,M88.0,V213,의료비(급여부분)
836,두개안면골이골증\nCraniofacial dysostosis,Q75.1,V151,의료비(급여부분)
835,두보위츠 증후군\nDubowitz syndrome,Q87.1,V158,의료비(급여부분)
834,"뒤쉔 또는 베커와 유사한 보통염색체열성, 소아형 근디스트로피\nAutosomal recessive, childhood type, resembling Duchenne or Becker muscular dystrophy",G71.0,V012,"의료비(급여부분), 간병비, 인공호흡기 및 기침유발기, 보조기기 구입"
833,드 랑즈 증후군\nDe Lange syndrome,Q87.1,V158,의료비(급여부분)
832,드라벳증후군\nDravet syndrome,없음,V900,의료비(급여부분)
831,드뷔쿠아 형성이상\nDesbuquois dysplasia,없음,V900,의료비(급여부분)
830,디스트로피성 수포성 표피박리증\nEpidermolysis bullosa dystrophica,Q81.2,V184,의료비(급여부분)
829,디스트로피성 형성이상\nDystrophic dysplasia,Q77.5,V228,의료비(급여부분)
828,디죠지증후군\nDi George’s syndrome,D82.1,V111,의료비(급여부분)
827,떨림마비\nParalysis agitans,G20,V124,의료비(급여부분)
826,라르센 증후군\nLarsen’s syndrome,Q74.8,V900,의료비(급여부분)
825,라만 증후군[태튼-브라운-라만 증후군]\nRahman syndrome [Tatton-Brown-Rahman syndrome],없음,V900,의료비(급여부분)
824,라스무센 뇌염\nRasmussen encephalitis,G04.8,V900,의료비(급여부분)
823,라이소솜효소의 번역후 수정의 결손\nDefects in post-translational modification of lysosomal enzymes,E77.0,V117,의료비(급여부분)
822,라이신 및 하이드록시라이신 대사장애\nDisorders of lysine and hydroxylysine metabolism,E72.3,V117,"의료비(급여부분), 특수식이 구입비"
821,람베르트-이튼증후군\nLambert-Eaton syndrome,G73.1,V259,의료비(급여부분)
820,랑거 기드온 증후군\nLanger-Giedion syndrome,없음,V900,의료비(급여부분)
819,랑뒤-오슬러-웨버병\nRendu-Osler-Weber disease,I78.0,V235,의료비(급여부분)
818,램-셰이퍼 증후군\nLamb-Shaffer Syndrome,없음,V900,의료비(급여부분)
817,러셀-실버 증후군\nRussel-Silver syndrome,Q87.1,V158,의료비(급여부분)
816,레녹스-가스토증후군\nLennox-Gastaut syndrome,G40.4,V233,의료비(급여부분)
815,레리-웨일 증후군\nLeri-Weill syndrome,Q77.8,V900,의료비(급여부분)
814,레베르 선천성 흑암시\nLeber’s congenital amaurosis,H35.59,V209,의료비(급여부분)
813,레베르 유전성 시신경병증\nLeber hereditary optic neuropathy,없음,V900,의료비(급여부분)
812,레쉬-니한증후군\nLesch-Nyhan syndrome,E79.1,V221,의료비(급여부분)
811,레지우스 증후군\nLegius syndrome,없음,V900,의료비(급여부분)
810,레트증후군\nRett’s syndrome,F84.2,V122,"의료비(급여부분), 간병비"
809,렌즈소안구증후군\nLenz microphthalmia syndrome,Q11.2,V900,의료비(급여부분)
808,로렌스-문(-바르데)-비들 증후군\nLaurence-Moon(-Bardet)-Biedl syndrome,Q87.8,V267,의료비(급여부분)
807,로베증후군\nLowe’s syndrome,E72.0,V117,의료비(급여부분)
806,로비노-실버만-스미스 증후군\nRobinow-Silverman-Smith syndrome,Q87.1,V158,의료비(급여부분)
805,로빈 증후군\nRobin syndrome,Q87.0,V185,의료비(급여부분)
804,로이-디에츠 증후군\nLoeys-Dietz syndrome,없음,V900,의료비(급여부분)
803,로트문드(-톰슨) 증후군\nRothmund(-Thomson) syndrome,Q82.8,V900,의료비(급여부분)
802,로하드 증후군\nROHHAD syndrorme,없음,V900,의료비(급여부분)
801,뢰플러심내막염\nLoffler’s endocarditis,I42.3,V127,의료비(급여부분)
800,루빈스타인-테이비 증후군\nRubinstein-Taybi syndrome,Q87.2,V243,의료비(급여부분)
799,루스칸-루미쉬 증후군\nLuscan-lumish syndrome,없음,V900,의료비(급여부분)
798,루시-레비증후군\nRoussy-Lévy syndrome,G60.0,V169,"의료비(급여부분), 인공호흡기 및 기침유발기"
797,루푸스 심장낭염\nLupus pericarditis,M32.1,V136,의료비(급여부분)
796,류마티스성 다발근통\nPolymyalgia rheumatica,M35.3,V139,의료비(급여부분)
795,류마티스인자가 있거나 없는 연소성 류마티스관절염\nJuvenile rheumatoid arthritis with or without rheumatoid factor,M08.0,V133,의료비(급여부분)
794,리브만-삭스병\nLibman-Sacks disease,M32.1,V136,의료비(급여부분)
793,림프구기능항원-1결손\nLymphocyte function antigen-1[LFA-1] defect,D84.0,V111,의료비(급여부분)
792,림프절의 사르코이드증\nSarcoidosis of lymph nodes,D86.1,V111,의료비(급여부분)
791,림프절의 사르코이드증을 동반한 폐의 사르코이드증\nSarcoidosis of lung with sarcoidosis of lymph nodes,D86.2,V111,의료비(급여부분)
790,마노스축적증\nMannosidosis,E77.1,V117,의료비(급여부분)
789,마로토-라미 (경도)(중증) 증후군\nMaroteaux-Lamy (mild)(severe) syndrome,E76.2,V117,"의료비(급여부분), 간병비, 인공호흡기 및 기침유발기, 보조기기 구입"
788,마르케사니-바일 증후군 [바일-마르케사니 증후군]\nMarchesani-weill-syndrome [Weill-marchesani syndrome],Q87.0,V900,의료비(급여부분)
787,마르팡증후군\nMarfan’s syndrome,Q87.4,V186,의료비(급여부분)
786,마이어 로키탄스키 쿠스터 하우저 증후군\nMayer-Rokitansky-Kuster Hauser (MRKH) syndrome,없음,V900,의료비(급여부분)
785,마이어 증후군\nMyhre syndrome,없음,V900,의료비(급여부분)
784,마이오클로누스[헌트운동실조]을(를) 동반한 조기발병 소뇌성 운동실조\nEarly-onset cerebellar ataxia with myoclonus[Hunt’s ataxia],G11.1,V123,"의료비(급여부분), 간병비, 인공호흡기 및 기침유발기, 보조기기 구입"
783,마푸치증후군\nMaffucci’s syndrome,Q78.4,V230,의료비(급여부분)
782,"막증식성 사구체신염, 1형, 3형 또는 NOS를 동반한 신증후군\nNephrotic syndrome with membranoproliferative glomerulonephritis, types 1 and 3, or NOS",N04.5,V263,의료비(급여부분)
781,"막증식성 사구체신염, 2형을 동반한 신증후군\nNephrotic syndrome with membranoproliferative glomerulonephritis, type 2",N04.6,V263,의료비(급여부분)
780,만기발병 소뇌성 운동실조(발병은 보통 20세 이후)\nLate-onset cerebellar ataxia(Onset usually after the age of 20),G11.2,V123,"의료비(급여부분), 간병비, 인공호흡기 및 기침유발기, 보조기기 구입"
779,만발성 척추골단형성이상\nSpondyloepiphyseal dysplasia tarda,Q77.7,V228,의료비(급여부분)
778,만성 (소아기) 육아종성 질환\nChronic (childhood) granulomatous disease,D71,V109,의료비(급여부분)
777,만성 신장병\nChronic kidney disease,N18,V001,의료비(급여부분)
776,만성 연소성 다발관절염\nChronic juvenile polyarthritis,M08.3,V133,의료비(급여부분)
775,만성 염증성 탈수초성 다발신경병증\nChronic inflammatory demyelinating polyneuropathy,G61.8,V126,의료비(급여부분)
774,만성 진행성 외안근마비\nChronic progressive external ophthalmoplegia,H49.4,V900,의료비(급여부분)
773,만성 후천성 순수적혈구무형성\nChronic acquired pure red cell aplasia,D60.0,V023,의료비(급여부분)
772,말단비대증 및 뇌하수체거인증\nAcromegaly and pituitary gigantism,E22.0,V112,의료비(급여부분)
771,말단비대증과 관련된 관절병증\nArthropathy associated with acromegaly,E22.0,V112,의료비(급여부분)
770,말단왜소 형성이상\nAcromicric dysplasia,Q77.8,V228,의료비(급여부분)
769,말단이골증\nAcrodysostosis,없음,V900,의료비(급여부분)
768,말란 증후군\nMalan syndrome,없음,V900,의료비(급여부분)
767,말린자두배증후군\nPrune belly syndrome,Q79.4,V155,의료비(급여부분)
766,"망막 디스트로피, 시신경 부종, 비장비대, 무한증, 두통 증후군 [ROSAH 증후군]\nRetinal dystrophy, Optic nerve edema, Splenomegaly, Anhidrosis, Headache syndrome [ROSAH syndrome]",없음,V900,의료비(급여부분)
765,맥락막결손\nChoroideremia,H31.2,V295,의료비(급여부분)
764,맥아들병\nMcArdle’s disease,E74.0,V117,"의료비(급여부분), 간병비, 인공호흡기 및 기침유발기, 보조기기 구입"
763,메발론산 키나아제 결핍 [고면역글로불린D증후군]\nMevalonate kinase deficiency [Hyperimmunoglobulin D syndrome],없음,V900,의료비(급여부분)
762,메이어-고린 증후군\nMeier-Gorlin syndrome,없음,V900,의료비(급여부분)
761,메켈증후군\nMeckel syndrome,Q61.9,V900,의료비(급여부분)
760,메타이오닌혈증\nMethioninaemia,E72.1,V117,"의료비(급여부분), 특수식이 구입비"
759,메틸말론산혈증\nMethylmalonic acidaemia,E71.1,V117,"의료비(급여부분), 특수식이 구입비"
758,멘케스(꼬인모발)( 강모)병\nMenkes (kinky hair)(steely hair) disease,E83.0,V119,의료비(급여부분)
757,멜라스증후군\nMelas syndrome,G71.3,V012,"의료비(급여부분), 인공호흡기 및 기침유발기"
756,멜커슨증후군\nMelkersson’s syndrome,G51.2,V167,의료비(급여부분)
755,멜케르손-로젠탈증후군\nMelkersson-Rosenthal syndrome,G51.2,V167,의료비(급여부분)
754,"면역결핍, 발달지연, 저호모시스테인혈증\nImmunodeficiency, developmental delay, and hypohomocysteinemia",없음,V900,의료비(급여부분)
753,면역결핍을 동반한 흉선무형성 또는 형성저하\nThymic aplasia or hypoplasia with immunodeficiency,D82.1,V111,의료비(급여부분)
752,면역글로불린A의 선택적 결핍\nSelective deficiency of immunoglobulin A[IgA],D80.2,V111,의료비(급여부분)
751,면역글로불린G 서브클래스의 선택적 결핍\nSelective deficiency of immunoglobulin G [IgG] subclasses,D80.3,V111,의료비(급여부분)
750,면역글로불린M의 선택적 결핍\nSelective deficiency of immunoglobulin M[IgM],D80.4,V111,의료비(급여부분)
749,면역글로불린M의 증가를 동반한 면역결핍\nImmunodeficiency with increased immunoglobulin M[IgM],D80.5,V111,의료비(급여부분)
748,면역글로불린을 지닌 B-림프구가 있는 무감마글로불린혈증\nAgammaglobulinaemia with immunoglobulin-bearing B-lymphocytes,D80.1,V111,의료비(급여부분)
747,면역글로블린 G4 관련 질환\nImmunoglobulin G4-related disease,없음,V900,의료비(급여부분)
746,모낭성비늘증-탈모증-눈부심 증후군\nIchthyosis follicularis-alopecia-photophobia syndrome,없음,V900,의료비(급여부분)
745,모노아민 산화효소결핍\nMonoamine oxidase deficiency syndrome,없음,V900,의료비(급여부분)
744,모르키오 (-유사)(고전적) 증후군\nMorquio(-like)(classic) syndrome,E76.2,V117,"의료비(급여부분), 간병비, 인공호흡기 및 기침유발기, 보조기기 구입"
743,모세혈관외 사구체신염을 동반한 신증후군\nNephrotic syndrome with extracapillary glomerulonephritis,N04.7,V263,의료비(급여부분)
742,모세혈관확장성 운동실조[루이-바]\nAtaxia telangiectasia[Louis-bar],G11.3,V123,"의료비(급여부분), 간병비, 인공호흡기 및 기침유발기, 보조기기 구입"
741,모야모야병\nMoyamoya disease,I67.5,V128,의료비(급여부분)
740,모왓-윌슨 증후군\nMowat-Wilson syndrome,없음,V900,의료비(급여부분)
739,모자이크성 다양한 이수성 증후군1\nMosaic variegated aneuploidy syndrome 1,없음,V900,의료비(급여부분)
738,뫼비우스 증후군\nMoebius syndrome,Q87.0,V185,의료비(급여부분)
737,무과립구성 안지나\nAgranulocytic angina,D70,V108,의료비(급여부분)
736,무과립구증\nAgranulocytosis,D70,V108,의료비(급여부분)
735,무뇌수두증\nHydranencephaly,Q04.3,V900,의료비(급여부분)
734,무뇌이랑증\nAgyria of brain,Q04.3,V214,의료비(급여부분)
733,"무루증, 이완불능증, 지적발달장애 증후군\nAlacrima, achalasia, and impaired intellectual development syndrome",없음,V900,의료비(급여부분)
732,무비증 또는 다비증을 동반한 심방 부속물의 이성질현상\nIsomerism of atrial appendages with asplenia or polysplenia,Q20.6,V900,의료비(급여부분)
731,무설증(無舌症)\nAglossia,Q38.3,V241,의료비(급여부분)
730,무한증을 동반한 선천성 통증 무감각증\nCongenital insensitivity to pain with anhidrosis (CIPA),없음,V900,의료비(급여부분)
729,무홍채증\nAniridia,Q13.1,V900,의료비(급여부분)
728,무홍채증-소뇌성운동실조-정신박약\nAniridia-cerebellar ataxia-mental deficiency,없음,V900,의료비(급여부분)
727,문맥-간동맥루\nPortal vein-hepatic artery fistula,Q26.6,V150,의료비(급여부분)
726,문맥결합이상\nAnomalous portal venous connection,Q26.5,V150,의료비(급여부분)
725,뮤코지질증 Ⅳ\nMucolipidosis Ⅳ,E75.1,V117,의료비(급여부분)
724,뮤코지질증Ⅱ[Ⅰ-세포병]\nMucolipidosis Ⅱ[Ⅰ-cell disease],E77.0,V117,의료비(급여부분)
723,뮤코지질증Ⅲ[거짓헐러다발디스트로피]\nMucolipidosis Ⅲ [Pseudo-Hurler polydystrophy],E77.0,V117,의료비(급여부분)
722,미만성 막성 사구체신염을 동반한 신증후군\nNephrotic syndrome with diffuse membranous glomerulonephritis,N04.2,V263,의료비(급여부분)
721,미만성 메산지음 모세혈관성 사구체신염을 동반한 신증후군\nNephrotic syndrome with diffuse mesangiocapillary glomerulonephritis,N04.5,V263,의료비(급여부분)
720,미만성 메산지음 증식성 사구체신염을 동반한 신증후군\nNephrotic syndrome with diffuse mesangial proliferative glomerulonephritis,N04.3,V263,의료비(급여부분)
719,미만성 모세혈관내 증식성 사구체신염을 동반한 신증후군\nNephrotic syndrome with diffuse endocapillary proliferative glomerulonephritis,N04.4,V263,의료비(급여부분)
718,미만성 반월형 사구체신염을 동반한 신증후군\nNephrotic syndrome with diffuse crescentic glomerulonephritis,N04.7,V263,의료비(급여부분)
717,미만성 폐림프관종증\nDiffuse pulmonary lymphangiomatosis,없음,V900,의료비(급여부분)
716,미만성(호산구성) 근막염\nDiffuse(eosinophilic) fasciitis,M35.4,V139,의료비(급여부분)
715,미세심 병\nMinicore disease,G71.2,V012,"의료비(급여부분), 간병비, 인공호흡기 및 기침유발기, 보조기기 구입"
714,미세증후군 [와버그 미세증후군]\nMicro syndrome [Warburg micro syndrome],없음,V900,의료비(급여부분)
713,밀러-디커 증후군\nMiller-Dieker syndrome,Q04.3,V900,의료비(급여부분)
712,밀러휘셔증후군\nMiller Fisher Syndrome,G61.0,V126,의료비(급여부분)
711,바라이서-윈터증후군\nBaraitser-Winter syndrome,없음,V900,의료비(급여부분)
710,바르덴브르그 증후군 (백색증을 동반한)\nWaardenburg´s syndrome (with albinism),E70.3,V117,의료비(급여부분)
709,바이스-크루슈카 증후군\nWeiss-Kruszka syndrome,없음,V900,의료비(급여부분)
708,바이오틴-의존카복실레이스결핍\nBiotin-dependent carboxylase deficiency,D81.8,V111,의료비(급여부분)
707,바터증후군\nBartter’s syndrome,E26.8,V254,의료비(급여부분)
706,바테르 증후군\nVATER syndrome,Q87.2,V243,의료비(급여부분)
705,바텐병\nBatten’s disease,E75.4,V117,의료비(급여부분)
704,"발달지연을 동반한 TRAF7 관련 심장, 안면, 말단 기형\nTRAF7 related cardiac, facial, and digital anomalies with developmental delay",없음,V900,의료비(급여부분)
703,발작성 야간헤모글로빈뇨\nParoxysmal nocturnal haemoglobinuria [Marchiafava-Micheli],D59.5,V187,의료비(급여부분)
702,발작수면 및 허탈발작\nNarcolepsy and cataplexy,G47.4,V234,의료비(급여부분)
701,방광외반\nExstrophy of urinary bladder,Q64.1,V227,의료비(급여부분)
700,방광외번\nExtroversion of bladder,Q64.1,V227,의료비(급여부분)
699,방광이소증\nEctopia vesicae,Q64.1,V227,의료비(급여부분)
698,방실연결불일치\nDiscordant atrioventricular connection,Q20.5,V144,의료비(급여부분)
697,방실중격결손\nAtrioventricular septal defect,Q21.2,V269,의료비(급여부분)
696,배꼽내장탈장\nExomphalos,Q79.2,V155,의료비(급여부분)
695,"백내장, 성장호르몬 결핍, 감각신경병증, 감각신경성 청력 상실 및 골격 이형성증\nCataracts, growth hormone deficiency, sensory neuropathy, sensorineural hearing loss, and skeletal dysplasia",없음,V900,의료비(급여부분)
694,버드-키아리증후군\nBudd-Chiari syndrome,I82.0,V173,의료비(급여부분)
693,범골수황폐\nPanmyelophthisis,D61.9,V023,의료비(급여부분)
692,베게너육아종증\nWegener granulomatosis,M31.3,V135,의료비(급여부분)
691,베르나르-술리에[거대혈소판]증후군\nBernard-Soulier[giant platelet] syndrome,D69.1,V106,의료비(급여부분)
690,베르너-슐츠병\nWerner-Schultz disease,D70,V108,의료비(급여부분)
689,베스트 병[노른자모양황반변성]\nBest’s disease[Best vitelliform maculardystrophy],H35.52,V900,의료비(급여부분)
688,베인브릿지-로퍼스 증후군\nBainbridge-Ropers syndrome,없음,V900,의료비(급여부분)
687,베체트병\nBehcet’s disease,M35.2,V139,의료비(급여부분)
686,베크위트-비데만 증후군\nBeckwith-Wiedemann syndrome,Q87.3,V900,의료비(급여부분)
685,베타-글루쿠론산분해효소결핍\nβ-Glucuronidase deficiency,E76.2,V117,"의료비(급여부분), 간병비, 인공호흡기 및 기침유발기, 보조기기 구입"
684,베타-프로펠러 단백질 연관 신경변성\nBeta-Propeller protein-associated neurodegeneration,없음,V900,의료비(급여부분)
683,베타아미노산대사장애\nDisorders of β-amino-acid metabolism,E72.8,V117,의료비(급여부분)
682,베타지중해빈혈\nBeta thalassaemia,D56.1,V232,의료비(급여부분)
681,보류된 힘줄반사을(를) 동반한 조기발병 소뇌성 운동실조\nEarly-onset cerebellar ataxia with retained tendon reflexes,G11.1,V123,"의료비(급여부분), 간병비, 인공호흡기 및 기침유발기, 보조기기 구입"
680,보링-오피츠 증후군\nBohring-Opitz syndrome,없음,V900,의료비(급여부분)
679,보쉬-분스트라-샤프 시신경위축 증후군\nBosch-Boonstra-Schaaf optic atrophy syndrome,없음,V900,의료비(급여부분)
678,보제슨-포르스만-레만 증후군\nBörjeson-Forssman-Lehmann syndrome,없음,V900,의료비(급여부분)
677,보체계통의 결손\nDefects in the complement system,D84.1,V111,의료비(급여부분)
676,보통염색체열성 무감마글로불린혈증(스위스형)\nAutosomal recessive agammaglobulinaemia (Swiss type),D80.0,V111,의료비(급여부분)
675,보통염색체열성 세가와 증후군\nAutosomal recessive Segawa syndrome,없음,V900,의료비(급여부분)
674,보통천포창\nPemphigus vulgaris,L10.0,V132,의료비(급여부분)
673,복벽의 기타 선천기형\nOther congenital malformations of abdominal wall,Q79.5,V155,의료비(급여부분)
672,복벽파열증\nGastroschisis,Q79.3,V155,의료비(급여부분)
671,복합부분뇌전증지속상태\nComplex partial status epilepticus,G41.2,V125,의료비(급여부분)
670,복합부위통증증후군 I형\nComplex regional pain syndrome type I,G90.5,V177,의료비(급여부분)
669,복합부위통증증후군 Ⅱ형\nComplex regional pain syndrome type II,G90.6,V168,의료비(급여부분)
668,본태성 떨림을(를) 동반한 조기발병 소뇌성 운동실조\nEarly-onset cerebellar ataxia with essential tremor,G11.1,V123,"의료비(급여부분), 간병비, 인공호흡기 및 기침유발기, 보조기기 구입"
667,볼프람 증후군\nWolfram syndrome,없음,V900,의료비(급여부분)
666,봉입체 근염\nInclusion body myositis (IBM),G72.4,V900,의료비(급여부분)
665,부갑상선기능저하증-감각신경성 난청- 신장 질환 (HDR) 증후군\nHypoparathyroidism-sensorineural deafness-renal disease (HDR) syndrome,없음,V900,의료비(급여부분)
664,부근\nAccessory muscle,Q79.8,V155,의료비(급여부분)
663,부르느뷰병\nBourneville’s disease,Q85.1,V204,의료비(급여부분)
662,부분폐정맥결합이상\nPartial anomalous pulmonary venous connection,Q26.3,V150,의료비(급여부분)
661,부신경색증\nAdrenal infarction,E27.4,V116,의료비(급여부분)
660,부신발증\nAdrenal crisis,E27.2,V116,의료비(급여부분)
659,부신백질디스트로피[애디슨-쉴더]\nAdrenoleukodystrophy[Addison-Schilder],E71.3,V117,"의료비(급여부분), 간병비, 인공호흡기 및 기침유발기, 보조기기 구입"
658,부신생식기증후군 NOS\nAdrenogenital syndrome NOS,E25.9,V115,의료비(급여부분)
657,부신출혈\nAdrenal haemorrhage,E27.4,V116,의료비(급여부분)
656,부신피질발증\nAdrenocortical crisis,E27.2,V116,의료비(급여부분)
655,부신피질부전 NOS\nAdrenocortical insufficiency NOS,E27.4,V116,의료비(급여부분)
654,부정맥유발성 우심실 형성이상\nArrhythmogenic right ventricular dysplasia,I42.80,V900,의료비(급여부분)
653,분열뇌증\nSchizencephaly,Q04.6,V240,의료비(급여부분)
652,불완전골형성\nOsteogenesis imperfecta,Q78.0,V183,의료비(급여부분)
651,불완전상아질형성\nDentinogenesis imperfecta,K00.51,V310,의료비(급여부분)
650,블라우 증후군\nBlau syndrome,없음,V900,의료비(급여부분)
649,블랙판-다이아몬드증후군\nBlackfan-Diamond syndrome,D61.0,V023,의료비(급여부분)
648,블륨 증후군\nBloom syndrome,Q82.8,V900,의료비(급여부분)
647,비가역적 확장성 심근병증\nIrreversible dilated cardiomyopathy,I42.0,V127,의료비(급여부분)
646,비가족성 저감마글로불린혈증\nNonfamilial hypogammaglobulinaemia,D80.1,V111,의료비(급여부분)
645,"비골근위축(축삭형, 비대형)\nPeroneal muscular atrophy(axonal type, hypertrophic type)",G60.0,V169,"의료비(급여부분), 인공호흡기 및 기침유발기"
644,비대성 대동맥판하협착\nHypertrophic subaortic stenosis,I42.1,V127,의료비(급여부분)
643,비데만-스타이너 증후군\nWiedemann-Steiner syndrome,없음,V900,의료비(급여부분)
642,비스코트-얼드리치증후군\nWiskott-Aldrich syndrome,D82.0,V111,의료비(급여부분)
641,비신경병성 유전가족성 아밀로이드증\nNon-neuropathic heredofamilial amyloidosis,E85.0,V121,의료비(급여부분)
640,비정형 용혈-요독증후군\nAtypical haemolytic-uraemic syndrome,D59.3,V219,의료비(급여부분)
639,"비정형마이코박테륨증, 가족형, X연관\nAtypical mycobacteriosis, familial, X-linked",A31.9,V900,의료비(급여부분)
638,비케톤고글라이신혈증\nNon-ketotic hyperglycinaemia,E72.5,V117,"의료비(급여부분), 특수식이 구입비"
637,비타민D저항골연화증\nVitamin-D-resistant osteomalacia,E83.3,V189,의료비(급여부분)
636,비타민D저항구루병\nVitamin-D-resistant rickets,E83.3,V189,의료비(급여부분)
635,비폐색성 비대성 심근병증\nNonobstructive hypertrophic cardiomyopathy,I42.20,V127,의료비(급여부분)
634,빌트-호그-두베증후군\nBirt-Hogg-Dube syndrome,없음,V900,의료비(급여부분)
633,뾰족머리증\nOxycephaly,Q75.0,V265,의료비(급여부분)
633,뾰족머리증\nAcrocephaly,Q75.0,V265,의료비(급여부분)
631,사구체질환 동반 전신홍반루푸스\nSystemic lupus erythematosus with glomerular disease,M32.1,V136,의료비(급여부분)
630,사르코신혈증\nSarcosinaemia,E72.5,V117,의료비(급여부분)
629,사르코이드관절병증\nSarcoid arthropathy,D86.8,V111,의료비(급여부분)
628,사르코이드근염\nSarcoid myositis,D86.8,V111,의료비(급여부분)
627,사르코이드심근염\nSarcoid myocarditis,D86.8,V111,의료비(급여부분)
626,사르코이드증에서의 다발성 뇌신경마비\nMultiple cranial nerve palsies in sarcoidosis,D86.8,V111,의료비(급여부분)
625,사르코이드증에서의 홍채섬모체염\nIridocyclitis in sarcoidosis,D86.8,V111,의료비(급여부분)
624,산발형 근위축측삭경화증\nSporadic amyotrophic lateral sclerosis,G12.21,V123,의료비(급여부분)
623,산성인산분해효소결핍\nAcid phosphatase deficiency,E83.3,V189,의료비(급여부분)
622,산필립포 (B형)(C형)(D형) 증후군\nSanfilippo (types B)(type C)(type D) syndrome,E76.2,V117,"의료비(급여부분), 간병비, 인공호흡기 및 기침유발기, 보조기기 구입"
621,삼각머리증\nTrigonocephaly,Q75.0,V265,의료비(급여부분)
620,삼첨판폐쇄\nTricuspid atresia,Q22.4,V146,의료비(급여부분)
619,삼탄당인산염이성화효소결핍빈혈\nTriose-phosphate isomerase deficiency anaemia,D55.2,V164,의료비(급여부분)
618,"상세불명의 공통 가변성 면역결핍\nCommon variable immunodeficiency, unspecified",D83.9,V111,의료비(급여부분)
617,"상세불명의 궤양성 대장염\nUlcerative colitis, unspecified",K51.9,V131,의료비(급여부분)
616,"상세불명의 뇌전증지속상태\nStatus epilepticus, unspecified",G41.9,V125,의료비(급여부분)
615,"상세불명의 뼈의 파젯병\nPaget’s disease of bone, unspecified",M88.9,V213,의료비(급여부분)
614,"상세불명의 유전가족성 아밀로이드증\nHeredofamilial amyloidosis, unspecified",E85.2,V121,의료비(급여부분)
613,상세불명의 유전성 망막디스트로피\nUnspecified hereditary retinal dystrophy,H35.59,V209,의료비(급여부분)
612,"상세불명의 유전성 운동실조\nHereditary ataxia, unspecified",G11.9,V123,"의료비(급여부분), 간병비, 인공호흡기 및 기침유발기, 보조기기 구입"
611,"상세불명의 이분척추\nSpina bifida, unspecified",Q05.9,V179,의료비(급여부분)
610,"상세불명의 척수성 근위축\nSpinal muscular atrophy, unspecified",G12.9,V123,"의료비(급여부분), 간병비, 인공호흡기 및 기침유발기, 보조기기 구입"
609,"상세불명의 폐정맥결합이상\nAnomalous pulmonary venous connection, unspecified",Q26.4,V150,의료비(급여부분)
608,색소망막염\nRetinitis pigmentosa,H35.51,V209,의료비(급여부분)
607,색소성 담창구변성\nPigmentary pallidal degeneration,G23.0,V257,의료비(급여부분)
606,색소실조증\nIncontinentia pigmenti,Q82.3,V900,의료비(급여부분)
605,색소피부건조증 그룹 A\nXeroderma pigmentosum Group A (XPA),없음,V900,의료비(급여부분)
604,샌드호프병\nSandhoff’s disease,E75.0,V117,의료비(급여부분)
603,샤르코-마리-투스질환\nCharcot-Marie-Tooth disease,G60.0,V169,"의료비(급여부분), 간병비, 인공호흡기 및 기침유발기, 보조기기 구입"
602,샤이에증후군\nScheie syndrome,E76.0,V117,"의료비(급여부분), 간병비, 인공호흡기 및 기침유발기, 보조기기 구입"
601,샤프-양 증후군\nSchaaf-Yang syndrome,없음,V900,의료비(급여부분)
600,"석회증, 레이노현상, 식도기능장애, 경지증(硬指症), 모세혈관확장의 조합\nCombination of calcinosis, Raynaud’s phenomenon, (o)esophageal dysfunction, sclerodactyly, telangiectasia",M34.1,V138,의료비(급여부분)
599,"섞임증, 45, X/46, XX 또는 XY\nMosaicism, 45, X/46, XX or XY",Q96.3,V021,의료비(급여부분)
598,"섞임증, 이상성염색체를 가진 45, X/기타 세포열\nMosaicism, 45, X/other cell line(s) with abnormal sex chromosome",Q96.4,V021,의료비(급여부분)
597,선조성골병증-두개경화증\nOsteopathia striata-cranial sclerosis,없음,V900,의료비(급여부분)
596,선천녹내장\nCongenital glaucoma,Q15.0,V900,의료비(급여부분)
595,선천복벽탈장\nOmphalocele,Q79.2,V155,의료비(급여부분)
594,선천성 간 섬유증\nCongenital liver Fibrosis[fibrotic],Q44.6,V900,의료비(급여부분)
593,선천성 경상 운동 장애\nCongenital mirror movement (CMM) disorder,없음,V900,의료비(급여부분)
592,선천성 고인슐린혈증\nCongenital hyperinsulinaemia,E16.10,V900,의료비(급여부분)
591,선천성 골경화증\nOsteosclerosis congenita,Q77.4,V228,의료비(급여부분)
590,선천성 관상동맥류\nCongenital coronary(artery) aneurysm,Q24.5,V148,의료비(급여부분)
589,선천성 근긴장증 NOS\nMyotonia congenita NOS,G71.1,V012,"의료비(급여부분), 간병비, 인공호흡기 및 기침유발기, 보조기기 구입"
588,선천성 근디스트로피 NOS\nCongenital muscular dystrophy NOS,G71.2,V012,"의료비(급여부분), 간병비, 인공호흡기 및 기침유발기, 보조기기 구입"
587,선천성 근병증\nCongenital myopathies,G71.2,V012,"의료비(급여부분), 간병비, 인공호흡기 및 기침유발기, 보조기기 구입"
586,선천성 근위축\nAmyotrophia congenita,Q79.8,V155,의료비(급여부분)
585,선천성 뇌하수체 기능저하\nCongenital hypopituitarism,없음,V900,의료비(급여부분)
584,선천성 니코틴아마이드 아데닌 다이뉴클레오타이드 결핍 질환\nCongenital nicotinamide adenien dinucleotide deficiency disease,없음,V900,의료비(급여부분)
583,선천성 다발관절만곡증\nArthrogryposis multiplex congenita,Q74.3,V292,의료비(급여부분)
582,선천성 당화장애\nCongenital disorder of glycosylation,없음,V900,의료비(급여부분)
581,선천성 대동맥판기능부전\nCongenital aortic insufficiency,Q23.1,V147,의료비(급여부분)
580,선천성 대동맥판역류\nCongenital aortic regurgitation,Q23.1,V147,의료비(급여부분)
579,선천성 대동맥판폐쇄\nCongenital aortic atresia,Q23.0,V147,의료비(급여부분)
578,선천성 대동맥판하협착\nCongenital subaortic stenosis,Q24.4,V270,의료비(급여부분)
577,선천성 대동맥판협착\nCongenital aortic stenosis,Q23.0,V147,의료비(급여부분)
576,선천성 무거핵구성 혈소판감소증\nCongenital amegakaryocytic thrombocytopenia,없음,V900,의료비(급여부분)
575,선천성 무과립구증\nCongenital agranulocytosis,D70,V108,의료비(급여부분)
574,선천성 무피브리노젠혈증\nCongenital afibrinogenaemia,D68.2,V009,의료비(급여부분)
573,"선천성 무형성(순수)적혈구\nAplasia, (pure) red cell (of) congenital",D61.0,V023,의료비(급여부분)
572,선천성 및 발달성 근무력증\nCongenital and developmental myasthenia,G70.2,V012,의료비(급여부분)
571,선천성 반척추\nCongenital hemivertebra,없음,V900,의료비(급여부분)
570,선천성 부신증식증\nCongenital adrenal hyperplasia,E25.0,V115,의료비(급여부분)
569,선천성 비진행성 운동실조\nCongenital nonprogressive ataxia,G11.0,V123,"의료비(급여부분), 간병비, 인공호흡기 및 기침유발기, 보조기기 구입"
568,선천성 수포성 비늘모양홍색피부증\nCongenital bullous ichthyosiform erythroderma,Q80.3,V900,의료비(급여부분)
567,선천성 승모판기능부전\nCongenital mitral insufficiency,Q23.3,V147,의료비(급여부분)
566,선천성 승모판폐쇄\nCongenital mitral atresia,Q23.2,V147,의료비(급여부분)
565,선천성 승모판협착\nCongenital mitral stenosis,Q23.2,V147,의료비(급여부분)
564,"선천성 신증후군, 핀란드형\nCongenital nephrotic syndrome, Finnish type",없음,V900,의료비(급여부분)
563,선천성 심근병증\nCongenital cardiomyopathy,I42.4,V127,의료비(급여부분)
562,"선천성 심장결손, 이상형태성 얼굴 특징 및 지적발달장애\nCongenital heart defects, dysmorphic facial features, and intellectual developmental disorder (CHDFIDD)",없음,V900,의료비(급여부분)
561,선천성 심장차단\nCongenital heart block,Q24.6,V271,의료비(급여부분)
560,선천성 염화물 설사\nCongenital chloride diarrhea,없음,V900,의료비(급여부분)
559,선천성 이상근긴장증\nParamyotonia congenita,G71.1,V012,"의료비(급여부분), 간병비, 인공호흡기 및 기침유발기, 보조기기 구입"
558,선천성 이상식작용증\nCongenital dysphagocytosis,D71,V109,의료비(급여부분)
557,선천성 적혈구조혈이상빈혈\nCongenital dyserythropoietic anaemia,D64.4,V220,의료비(급여부분)
556,선천성 전신지방디스트로피\nCongenital systemic lipodystrophy,E88.1,V900,의료비(급여부분)
555,선천성 젖당분해효소결핍\nCongenital lactase deficiency,E73.0,V117,의료비(급여부분)
554,선천성 중추성 무호흡증\nCongenital central hypoventilation syndrome,없음,V900,의료비(급여부분)
553,선천성 지카 바이러스 질환\nCongenital Zika virus disease,P35.4,V900,의료비(급여부분)
552,선천성 짧은힘줄\nCongenital shortening of tendon,Q79.8,V155,의료비(급여부분)
551,선천성 풍진증후군\nCongenital rubella syndrome,P35.0,V900,의료비(급여부분)
550,선천성 협착띠\nCongenital constricting bands,Q79.8,V155,의료비(급여부분)
549,선천성 호중구감소\nCongenital neutropenia,D70,V108,의료비(급여부분)
548,선천성 횡격막탈장\nCongenital diaphragmatic hernia,Q79.0,V155,의료비(급여부분)
547,선천성단장증후군\nCongenital Short Bowel Syndrome,Q43.8,V900,의료비(급여부분)
546,설파테이스결핍\nSulfatase deficiency,E75.2,V117,의료비(급여부분)
545,"섬모체, 원발성 이상운동증\nciliary, primary Dyskinesia",J39.8,V900,의료비(급여부분)
544,성인발병 스틸병\nAdult-onset Still’s disease,M06.1,V298,의료비(급여부분)
543,성인의 킨뵉병\nKienböck’s disease of adults,M93.1,V299,의료비(급여부분)
542,성인형 GM₂-강글리오시드증\nAdult GM₂gangliosidosis,E75.0,V117,의료비(급여부분)
541,성인형 척수성 근위축\nAdult form spinal muscular atrophy,G12.1,V123,"의료비(급여부분), 간병비, 인공호흡기 및 기침유발기, 보조기기 구입"
540,"성장지연, 지적발달장애, 근기능저하 및 간병증\nGrowth retardations, impaired intellectual development, hypotonia, and hepatopathy (GRIDHH)",없음,V900,의료비(급여부분)
539,성장호르몬의 과잉생산\nOverproduction of growth hormone,E22.0,V112,의료비(급여부분)
538,세뇨관-간질신장병증 동반 전신홍반루푸스\nSystemic lupus erythematosus with tubulo-interstitial nephropathy,M32.1,V136,의료비(급여부분)
537,세망세포발생이상을 동반한 중증복합면역결핍\nSevere combined immunodeficiency [SCID] with reticular dysgenesis,D81.0,V111,의료비(급여부분)
536,세망조직구종(거대세포)\nReticulohistiocytoma(giant-cell),D76.3,V110,의료비(급여부분)
535,세포막수용체복합체[CR3]결손\nCell membrane receptor complex [CR3] defect,D71,V109,의료비(급여부분)
534,소뇌무발생\nCerebellar agenesis,Q04.3,V900,의료비(급여부분)
533,"소뇌위축, 시력장애, 정신운동지체\nCerebellar atrophy, visual impairment, and psychomotor retardation [CAVIPMR]",없음,V900,의료비(급여부분)
532,소두증 골형성이상 원시성 난쟁이증 유형2\nMicrocephalic osteodysplastic primordial dwarfism type II,없음,V900,의료비(급여부분)
531,소발작뇌전증지속상태\nPetit mal status epilepticus,G41.1,V125,의료비(급여부분)
530,소사구체이상을 동반한 신증후군\nNephrotic syndrome with minor glomerular abnormality,N04.0,V263,의료비(급여부분)
529,소아기의 진행성 연수마비[파지오-론데]\nProgressive bulbar palsy of childhood [Fazio-Londe],G12.1,V123,"의료비(급여부분), 간병비, 인공호흡기 및 기침유발기, 보조기기 구입"
528,"소아형, Ⅱ형 척수성 근위축\nChildhood form, type Ⅱ spinal muscular atrophy",G12.1,V123,"의료비(급여부분), 간병비, 인공호흡기 및 기침유발기, 보조기기 구입"
527,소이증(小耳症)\nMicrotia,Q17.2,V291,의료비(급여부분)
526,소장 및 대장 모두의 크론병\nCrohn’s disease of both small and large intestine,K50.8,V130,의료비(급여부분)
525,소장의 크론병\nCrohn’s disease of small intestine,K50.0,V130,의료비(급여부분)
524,소토스 증후군\nSotos syndrome,Q87.3,V244,의료비(급여부분)
523,손발톱무릎뼈 증후군\nNail patella syndrome,Q87.2,V243,의료비(급여부분)
522,송과선 기능이상\nPineal gland dysfunction,E34.8,V166,의료비(급여부분)
521,쇄골두개골이골증\nCleidocranial dysostosis,Q74.0,V900,의료비(급여부분)
520,수근반달뼈의 골연골증(연소성)[킨뵉]\nOsteochondrosis (juvenile) of carpal lunate [Kienbock],M92.2,V299,의료비(급여부분)
519,수두증을 동반한 상세불명의 이분척추\nUnspecified spina bifida with hydrocephalus,Q05.4,V179,의료비(급여부분)
518,수두증을 동반한 이분경추\nCervical spina bifida with hydrocephalus,Q05.0,V179,의료비(급여부분)
517,수두증을 동반한 이분요천추\nLumbosacral spina bifida with hydrocephalus,Q05.2,V179,의료비(급여부분)
516,수두증을 동반한 이분요추\nLumbar spina bifida with hydrocephalus,Q05.2,V179,의료비(급여부분)
515,수두증을 동반한 이분척추\nDorsal spina bifida with hydrocephalus,Q05.1,V179,의료비(급여부분)
514,수두증을 동반한 이분천추\nSacral spina bifida with hydrocephalus,Q05.3,V179,의료비(급여부분)
513,수두증을 동반한 이분흉요추\nThoracolumbar spina bifida with hydrocephalus,Q05.1,V179,의료비(급여부분)
512,수두증을 동반한 이분흉추\nThoracic spina bifida with hydrocephalus,Q05.1,V179,의료비(급여부분)
511,수두증이 없는 이분경추\nCervical spina bifida without hydrocephalus,Q05.5,V179,의료비(급여부분)
510,수두증이 없는 이분요추\nLumbar spina bifida without hydrocephalus,Q05.7,V179,의료비(급여부분)
509,수두증이 없는 이분천골\nSacral spina bifida without hydrocephalus,Q05.8,V179,의료비(급여부분)
508,수두증이 없는 이분흉추\nThoracic spina bifida without hydrocephalus,Q05.6,V179,의료비(급여부분)
507,수정혈관전위\nCorrected transposition,Q20.5,V144,의료비(급여부분)
506,수초 희소돌기아세포 당단백질 항체관련 질환\nMyelin oligodendrocyte glycoprotein antibody associated diseases [MOGAD],없음,V900,의료비(급여부분)
505,수포성 유사천포창\nBullous pemphigoid,L12.0,V211,의료비(급여부분)
504,숙신알데히드 탈수소효소 결핍(증)\nSuccinic semialdehyde dehydrogenase deficiency (SSADHD),E72.8,V900,의료비(급여부분)
503,순환성 호중구감소\nCyclic neutropenia,D70,V108,의료비(급여부분)
502,쉐그렌-라손 증후군\nSjogren-Larsson syndrome,Q87.1,V158,의료비(급여부분)
501,쉬프린첸-골드베르그 증후군\nShprintzen-Goldberg syndrome,없음,V900,의료비(급여부분)
500,쉬한증후군\nSheehan’s syndrome,E23.0,V165,의료비(급여부분)
499,쉰젤 기드온 증후군\nSchinzel Giedion syndrome,없음,V900,의료비(급여부분)
498,슈바크만-다이아몬드 증후군\nSchwachman-Diamond syndrome,없음,V900,의료비(급여부분)
497,스미스-렘리-오피츠 증후군\nSmith-Lemli-Opitz syndrome,Q87.1,V158,의료비(급여부분)
496,스미스-마제니스 증후군\nSmith-Magenis syndrome,Q93.5,V217,의료비(급여부분)
495,스미스-킹스모어 증후군\nSmith-Kingsmore syndrome,없음,V900,의료비(급여부분)
494,스크라반-디어도르프 증후군\nSkraban-Deardorff syndrome,없음,V900,의료비(급여부분)
493,스타르가르트병\nStargardt’s disease,H35.58,V209,의료비(급여부분)
492,스터지-베버(-디미트리) 증후군\nSturge-Weber(-Dimitri) syndrome,Q85.8,V216,의료비(급여부분)
491,스티클러 증후군\nSticklers syndrome,없음,V900,의료비(급여부분)
490,스필마이어-보그트병\nSpielmeyer-Vogt’s disease,E75.4,V117,의료비(급여부분)
489,스휘르스-호에이메이커스 증후군\nSchuurs-Hoeijmakers syndrome,없음,V900,의료비(급여부분)
488,시니어-로켄 증후군\nSenior-Loken syndrome,없음,V900,의료비(급여부분)
487,시스타타이오닌뇨증\nCystathioninuria,E72.1,V117,의료비(급여부분)
486,시스틴뇨증\nCystinuria,E72.0,V117,의료비(급여부분)
485,시스틴증\nCystinosis,E72.0,V117,의료비(급여부분)
484,시스틴축적병\nCystine storage disease,E72.0,V117,의료비(급여부분)
483,시신경척수염[데빅병]\nNeuromyelitis optica[Devic],G36.0,V276,의료비(급여부분)
482,시알산증[뮤코지질증Ⅰ]\nSialidosis[mucolipidosisⅠ],E77.1,V117,의료비(급여부분)
481,시클 증후군\nSeckel syndrome,Q87.1,V158,의료비(급여부분)
480,시트룰린혈증\nCitrullinaemia,E72.2,V117,"의료비(급여부분), 특수식이 구입비"
479,신경근육긴장[아이작스]\nNeuromyotonia[Isaacs],G71.1,V012,"의료비(급여부분), 간병비, 인공호흡기 및 기침유발기, 보조기기 구입"
478,신경눈심장비뇨생식계 증후군\nMosaic variegated aneuploidy syndrome 1,없음,V900,의료비(급여부분)
477,신경병성 유전가족성 아밀로이드증\nNeuropathic heredofamilial amyloidosis,E85.1,V121,의료비(급여부분)
476,신경섬유종증(비악성)\nNeurofibromatosis (nonmalignant),Q85.0,V156,의료비(급여부분)
475,"신경섬유종증(비악성) 1형, 2형\nNeurofibromatosis(nonmalignant) type 1, type 2",Q85.0,V156,의료비(급여부분)
474,신경세포세로이드라이포푸스신증\nNeuronal ceroid lipofuscinosis,E75.4,V117,의료비(급여부분)
473,신생아의 호흡곤란증후군\nRespiratory distress syndrome of newborn,P22.0,V142,의료비(급여부분)
472,신세뇨관 발생이상\nRenal tubular dysgenesis,없음,V900,의료비(급여부분)
471,신세뇨관-간질성 장애을(를) 동반한 쉐그렌증후군\nSjogren’s syndrome with renal tubulo-interstitial disorder,M35.0,V139,의료비(급여부분)
470,신장 안결손 증후군\nRenal coloboma syndrome,없음,V900,의료비(급여부분)
469,신장병증을 동반하는 다중심 수근골 족근골 골용해 증후군\nMulticentric Carpo-tarsal Osteolysis with nephropathy syndrome,없음,V900,의료비(급여부분)
468,신장성 요붕증\nNephrogenic diabetes insipidus,N25.1,V141,의료비(급여부분)
467,신장침범 동반 전신홍반루푸스\nSystemic lupus erythematosus with kidney involvement,M32.1,V136,의료비(급여부분)
466,심내막심근(열대성)섬유증\nEndomyocardial(tropical) fibrosis,I42.3,V127,의료비(급여부분)
465,심내막심근(호산구성)병\nEndomyocardial(eosinophilic) disease,I42.3,V127,의료비(급여부분)
464,심내막염 동반 전신홍반루푸스\nSystemic lupus erythematosus with endocarditis,M32.1,V136,의료비(급여부분)
463,심내막융기결손\nEndocardial cushion defect,Q21.2,V269,의료비(급여부분)
462,심내막탄력섬유증\nEndocardial fibroelastosis,I42.4,V127,의료비(급여부분)
461,심방부속물의 이성질현상\nIsomerism of atrial appendages,Q20.6,V900,의료비(급여부분)
460,심실내번\nVentricular inversion,Q20.5,V144,의료비(급여부분)
459,심실대혈관연결불일치\nDiscordant ventriculoarterial connection,Q20.3,V144,의료비(급여부분)
458,심장글리코젠증\nCardiac glycogenosis,E74.0,V117,"의료비(급여부분), 간병비, 인공호흡기 및 기침유발기, 보조기기 구입"
457,심장척추 카포얼굴 증후군\nCardiospondylocarpofacial syndrome,없음,V900,의료비(급여부분)
456,심한 림프선병증을 동반한 동조직구증\nSinus histiocytosis with massive lymph- adenopathy,D76.3,V110,의료비(급여부분)
455,아가미-귀-신장 증후군\nBranchiootorenal syndrome,Q87.8,V900,의료비(급여부분)
454,아급성 괴사성 뇌병증[리이]\nSubacute necrotizing encephalopathy[Leigh],G31.81,V208,의료비(급여부분)
453,아급성 해면모양뇌병증\nSubacute spongiform encephalopathy,A81.0,V102,의료비(급여부분)
452,아놀드-키아리증후군\nArnold-Chiari syndrome,Q07.0,V143,의료비(급여부분)
451,아데노신탈아미노효소결핍\nAdenosine deaminase[ADA] deficiency,D81.3,V111,의료비(급여부분)
450,아동기 저수초형성 운동실조\nChildhood ataxia with central nervous system hypomyelination,없음,V900,의료비(급여부분)
449,아르볼레다-탐 증후군[KAT6A 증후군]\nArboleda-Tham syndrome[KAT6A syndrome],없음,V900,의료비(급여부분)
448,아르스코그 증후군\nAarskog syndrome,Q87.1,V158,의료비(급여부분)
447,아르지닌숙신산뇨\nArgininosuccinic aciduria,E72.2,V117,"의료비(급여부분), 특수식이 구입비"
446,아르지닌혈증\nArgininaemia,E72.2,V117,"의료비(급여부분), 특수식이 구입비"
445,아미노산운반장애\nDisorders of amino-acid transport,E72.0,V117,의료비(급여부분)
444,아밀로이드다발신경병증(포르투갈)\nAmyloid polyneuropathy(Portuguese),E85.1,V121,의료비(급여부분)
443,아벨리노 각막디스트로피 (동형접합)\nAvellino corneal dystrophy (homozygous),H18.5,V900,의료비(급여부분)
442,아스파르틸글루코사민뇨\nAspartylglucosaminuria,E77.1,V117,의료비(급여부분)
441,아이메-그리프 증후군\nAymé-Gripp syndrome,없음,V900,의료비(급여부분)
440,아이소발레린산혈증\nIsovaleric acidaemia,E71.1,V117,"의료비(급여부분), 특수식이 구입비"
439,아이젠멘거결손\nEisenmenger’s defect,Q21.8,V226,의료비(급여부분)
438,아이젠멘거복합\nEisenmenger’s complex,I27.8,V226,의료비(급여부분)
437,아이젠멘거증후군\nEisenmenger’s syndrome,I27.8,V226,의료비(급여부분)
436,아이카디-구티에레스 증후군\nAicardi-Goutieres Syndrome,G31.88,V900,의료비(급여부분)
435,아이펙스 증후군\nIPEx syndrome,없음,V900,의료비(급여부분)
434,아텔로스테오제네시스\nAtelosteogenesis,없음,V900,의료비(급여부분)
433,아황산염산화효소결핍\nSulfite oxidase deficiency,E72.1,V117,의료비(급여부분)
432,악센펠트-리이거 증후군\nAxenfeld-Rieger syndrome,Q13.8,V900,의료비(급여부분)
431,안데르센병\nAndersen’s disease,E74.0,V117,"의료비(급여부분), 간병비, 인공호흡기 및 기침유발기, 보조기기 구입"
430,안드로젠저항증후군\nAndrogen resistance syndrome,E34.5,V166,의료비(급여부분)
429,안와 림프관종\nOrbital lymphangioma,없음,V900,의료비(급여부분)
428,안치지의 형성이상\nOculodentodigital dysplasia,Q87.0,V185,의료비(급여부분)
427,알라질증후군\nAlagille’s syndrome,Q44.7,V900,의료비(급여부분)
426,알란-헌든-더들리 증후군\nAllan-Herndon-Dudley syndrome,없음,V900,의료비(급여부분)
425,알렉산더 병\nAlexander disease,없음,V900,의료비(급여부분)
424,알베르스-쇤베르그증후군\nAlbers-Schönberg syndrome,Q78.2,V229,의료비(급여부분)
423,알스트롬 증후군\nAlstrom syndrome,Q87.8,V900,의료비(급여부분)
422,알캅톤뇨증\nAlkaptonuria,E70.2,V117,"의료비(급여부분), 특수식이 구입비"
421,알파-1-항트립신결핍\nα-1-Antitrypsin deficiency,E88.0,V900,의료비(급여부분)
420,알파지중해빈혈\nAlpha thalassaemia,D56.0,V232,의료비(급여부분)
419,알포트 증후군\nAlport syndrome,Q87.8,V267,의료비(급여부분)
418,애디슨발증\nAddisonian crisis,E27.2,V116,의료비(급여부분)
417,애디슨병\nAddison’s disease,E27.1,V116,의료비(급여부분)
416,앤틀리-빅슬러 증후군\nAntley-Bixler syndrome,없음,V900,의료비(급여부분)
415,야콥센 증후군(11장완 말단부 결손 증후군)\nJacobsen syndrome(11q distal deletion syndrome),Q87.0,V900,의료비(급여부분)
414,얀스키-빌쇼스키병\nJansky-Bielschowsky’s disease,E75.4,V117,의료비(급여부분)
413,양성 점막유사천포창\nBenign mucous membrane pemphigoid,L12.1,V212,의료비(급여부분)
412,양성[베커] 근디스트로피\nBenign [Becker] muscular dystrophy,G71.0,V012,"의료비(급여부분), 간병비, 인공호흡기 및 기침유발기, 보조기기 구입"
411,"양수과다증, 거대뇌증, 증상성 뇌전증 증후군\nPolyhydramnios, megalencephaly, and symptomatic epilepsy syndrome [PMSE syndrome]",없음,V900,의료비(급여부분)
410,어깨고관절 점상 연골형성이상(1형-3형)\nRhizomelic chondrodysplasia punctata(type 1-3),Q77.3,V228,의료비(급여부분)
409,어깨종아리 근디스트로피\nScapuloperoneal muscular dystrophy,G71.0,V012,"의료비(급여부분), 간병비, 인공호흡기 및 기침유발기, 보조기기 구입"
408,어깨종아리형 척수성 근위축\nScapuloperoneal form spinal muscular atrophy,G12.1,V123,"의료비(급여부분), 간병비, 인공호흡기 및 기침유발기, 보조기기 구입"
407,얼굴어깨팔 근디스트로피\nFacioscapulohumeral muscular dystrophy,G71.0,V012,"의료비(급여부분), 간병비, 인공호흡기 및 기침유발기, 보조기기 구입"
406,얼브라이트(-맥쿤)(-스턴버그)증후군\nAlbright(-McCune)(-Sternberg) syndrome,Q78.1,V154,의료비(급여부분)
405,에드하임-체스터 병\nErdheim-Chester disease,없음,V900,의료비(급여부분)
404,에반스증후군\nEvans’ syndrome,D69.3,V188,의료비(급여부분)
403,에브스타인이상\nEbstein anomaly,Q22.5,V146,의료비(급여부분)
402,에필로이아\nEpiloia,Q85.1,V204,의료비(급여부분)
401,엔젤만증후군\nAngelman syndrome,Q93.5,V217,의료비(급여부분)
400,엘러스-단로스증후군\nEhlers-Danlos syndrome,Q79.6,V155,의료비(급여부분)
399,엘리스-반크레벨트증후군\nEllis-van Creveld syndrome,Q77.6,V228,의료비(급여부분)
398,엠마누엘 증후군\nEmanuel syndrome,없음,V900,의료비(급여부분)
397,엡스타인-바르바이러스에 대한 유전성 결손반응에 따른 면역결핍\nImmunodeficiency following hereditary defective response to Epstein-Barr virus,D82.3,V111,의료비(급여부분)
396,연골무발생증\nAchondrogenesis,Q77.0,V228,의료비(급여부분)
395,연골무형성증\nAchondroplasia,Q77.4,V228,의료비(급여부분)
394,연골발생저하증\nHypochondrogenesis,Q77.0,V228,의료비(급여부분)
393,연골외배엽형성이상\nChondroectodermal dysplasia,Q77.6,V228,의료비(급여부분)
392,연골형성장애성 근긴장증\nChondrodystrophic myotonia,G71.1,V012,"의료비(급여부분), 간병비, 인공호흡기 및 기침유발기, 보조기기 구입"
391,연골형성저하증\nHypochondroplasia,Q77.4,V228,의료비(급여부분)
390,연소성 강직척추염\nJuvenile ankylosing spondylitis,M08.1,V133,의료비(급여부분)
389,연소성 골연화증\nJuvenile osteomalacia,E55.0,V207,의료비(급여부분)
388,연소성 다발동맥염\nJuvenile polyarteritis,M30.2,V134,의료비(급여부분)
387,연소성 류마티스관절염\nJuvenile rheumatoid arthritis,M08.0,V133,의료비(급여부분)
386,연소성 피부근염\nJuvenile dermatomyositis,M33.0,V137,의료비(급여부분)
385,연소형 GM₂-강글리오시드증\nJuvenile GM₂gangliosidosis,E75.0,V117,의료비(급여부분)
384,"연소형, Ⅲ형[쿠겔베르그-벨란더] 척수성 근위축\nJuvenile form, typeⅢ [Kugelberg-Welander] spinal muscular atrophy",G12.1,V123,"의료비(급여부분), 간병비, 인공호흡기 및 기침유발기, 보조기기 구입"
383,열성[베커] 선천성 근긴장증\nRecessive[Becker] myotonia congenita,G71.1,V012,"의료비(급여부분), 간병비, 인공호흡기 및 기침유발기, 보조기기 구입"
382,염류소실 선천성 부신증식증\nSalt-losing congenital adrenal hyperplasia,E25.0,V115,의료비(급여부분)
381,"영아 무형성(순수)적혈구\nAplasia, (pure) red cell (of) infants",D61.0,V023,의료비(급여부분)
380,영아 유전성 무과립구증\nInfantile genetic agranulocytosis,D70,V108,의료비(급여부분)
379,영아골연화증\nInfantile osteomalacia,E55.0,V207,의료비(급여부분)
378,영아기 소뇌 망막변성\nInfantile cerebellar retinal degeneration,없음,V900,의료비(급여부분)
377,영아기의 비대성 신경병증\nHypertrophic neuropathy of infancy,G60.0,V169,"의료비(급여부분), 인공호흡기 및 기침유발기"
376,"영아척수성 근위축, I형[베르드니히-호프만]\nInfantile spinal muscular atrophy, type Ⅰ[Werdnig-Hoffman]",G12.0,V123,"의료비(급여부분), 간병비, 인공호흡기 및 기침유발기, 보조기기 구입"
375,오그덴 증후군\nOgden syndrome,없음,V900,의료비(급여부분)
374,오르니틴대사장애\nDisorders of ornithine metabolism,E72.4,V117,"의료비(급여부분), 특수식이 구입비"
373,오르니틴트랜스카바미라제결핍\nOrnithine transcarbamylase deficiency,E72.4,V117,"의료비(급여부분), 특수식이 구입비"
372,"오르니틴혈증(Ⅰ, Ⅱ형)\nOrnithinaemia (typesⅠ, Ⅱ)",E72.4,V117,"의료비(급여부분), 특수식이 구입비"
371,오멘증후군\nOmenn syndrome,D81.8,V111,의료비(급여부분)
370,오우렌병\nOwren’s disease,D68.2,V009,의료비(급여부분)
369,오쿠르-청 신경발달 증후군\nOkur-Chung neurodevelopmental syndrome,없음,V900,의료비(급여부분)
368,옥살산뇨\nOxaluria,E74.8,V117,의료비(급여부분)
367,올리에르병\nOllier’s disease,Q78.4,V230,의료비(급여부분)
366,와이번메이슨증후군\nWyburn Mason syndrome,Q28.2,V900,의료비(급여부분)
365,요소회로대사장애\nDisorders of urea cycle metabolism,E72.2,V117,"의료비(급여부분), 특수식이 구입비"
364,요정증[랍슨 멘덴홀 증후군]\nLeprechaunism [Rabson-Mendenhall syndrome],E34.8,V900,의료비(급여부분)
363,"용혈성 비구상적혈구성 (유전성) Ⅱ형 빈혈\nHaemolytic nonspherocytic (hereditary), type Ⅱ anaemia",D55.2,V164,의료비(급여부분)
362,우발적 운동실조 유형 2\nEpisodic ataxia type 2,없음,V900,의료비(급여부분)
361,우성[톰슨] 선천성 근긴장증\nDominant[Thomsen] myotonia congenita,G71.1,V012,"의료비(급여부분), 간병비, 인공호흡기 및 기침유발기, 보조기기 구입"
360,"운동신경세포병(단, 기타 및 상세불명의 운동신경세포병(G12.28)은 제외)\nMotor neuron disease",G12.2,V123,"의료비(급여부분), 간병비, 인공호흡기 및 기침유발기, 보조기기 구입"
359,워버그-시노티 증후군\nWarburg-Cinotti syndrome,없음,V900,의료비(급여부분)
358,워커-워버그 증후군\nWalker-Warburg syndrome,G71.2,V900,의료비(급여부분)
357,원발성 담관염/경화성 담관염(두 상병 진단기준 모두 충족하는 경우)\nPrimary cholangitis/Sclerosing cholangitis,K83.0,V262,의료비(급여부분)
356,원발성 담즙성 경변증\nPrimary biliary cirrhosis,K74.3,V174,의료비(급여부분)
355,"원발성 무감마글로불린혈증\nAgammaglobulinemia, primary",D80.0,V111,의료비(급여부분)
354,"원발성 무형성(순수)적혈구\nAplasia, (pure) red cell (of) primary",D61.0,V023,의료비(급여부분)
353,원발성 부신피질부전\nPrimary adrenocortical insufficiency,E27.1,V116,의료비(급여부분)
352,원발성 파킨슨증 또는 파킨슨병\nPrimary Parkinsonism or Parkinson’s disease,G20,V124,의료비(급여부분)
351,원발성 폐동맥고혈압\nPrimary Pulmonary hypertension,I27.0,V202,의료비(급여부분)
350,원위 척수성 근위축\nDistal spinal muscular atrophy,G12.1,V123,"의료비(급여부분), 간병비, 인공호흡기 및 기침유발기, 보조기기 구입"
349,원위성 근디스트로피\nDistal muscular dystrophy,G71.0,V012,"의료비(급여부분), 간병비, 인공호흡기 및 기침유발기, 보조기기 구입"
348,원위장폐쇄증후군\nDistal intestinal obstruction syndrome,E84.1,V120,의료비(급여부분)
347,원추각막\nKeratoconus,H18.6,V307,의료비(급여부분)
346,월만병\nWolman’s disease,E75.5,V117,의료비(급여부분)
345,월프-허쉬호른증후군\nWolff-Hirschorn syndrome,Q93.3,V900,의료비(급여부분)
344,웨스트증후군\nWest’s syndrome,G40.4,V233,의료비(급여부분)
343,위버 증후군\nWeaver syndrome,Q87.3,V244,의료비(급여부분)
342,윌리엄스 증후군\nWilliam’s syndrome,Q93.5,V217,의료비(급여부분)
341,윌슨병\nWilson’s disease,E83.0,V119,의료비(급여부분)
340,유전성 강직성 하반신마비\nHereditary spastic paraplegia,G11.4,V123,"의료비(급여부분), 간병비, 인공호흡기 및 기침유발기, 보조기기 구입"
339,유전성 근병증 NOS\nHereditary myopathy NOS,G71.9,V012,"의료비(급여부분), 간병비, 인공호흡기 및 기침유발기, 보조기기 구입"
338,유전성 다발외골증\nHereditary multiple exostoses,Q78.6,V242,의료비(급여부분)
337,유전성 림프부종\nHereditary lymphoedema,Q82.0,V900,의료비(급여부분)
336,유전성 만성 췌장염\nHereditary chronic pancreatitis,없음,V900,의료비(급여부분)
335,유전성 소뇌의 변성\nHereditary cerebellar degeneration,G11.9,V123,"의료비(급여부분), 간병비, 인공호흡기 및 기침유발기, 보조기기 구입"
334,유전성 소뇌의 병\nHereditary cerebellar disease,G11.9,V123,"의료비(급여부분), 간병비, 인공호흡기 및 기침유발기, 보조기기 구입"
333,유전성 소뇌의 운동실조 NOS\nHereditary cerebellar ataxia NOS,G11.9,V123,"의료비(급여부분), 간병비, 인공호흡기 및 기침유발기, 보조기기 구입"
332,유전성 소뇌의 증후군\nHereditary cerebellar syndrome,G11.9,V123,"의료비(급여부분), 간병비, 인공호흡기 및 기침유발기, 보조기기 구입"
331,유전성 아밀로이드 신장병증\nHereditary amyloid nephropathy,E85.0,V121,의료비(급여부분)
330,유전성 운동 및 감각 신경병증\nHereditary motor and sensory neuropathy,G60.0,V169,"의료비(급여부분), 인공호흡기 및 기침유발기"
329,"유전성 운동 및 감각 신경병증 I-IV형\nHereditary motor and sensory neuropathy, types I-IV",G60.0,V169,"의료비(급여부분), 인공호흡기 및 기침유발기"
328,유전성 저감마글로불린혈증\nHereditary hypogammaglobulinaemia,D80.0,V111,의료비(급여부분)
327,유전성 제11인자결핍\nHereditary factor ⅩⅠ deficiency,D68.1,V009,의료비(급여부분)
326,유전성 제8인자결핍\nHereditary factor Ⅷ deficiency,D66,V009,의료비(급여부분)
325,유전성 제9인자결핍\nHereditary factor Ⅸ deficiency,D67,V009,의료비(급여부분)
324,유전성 출혈성 모세혈관확장증\nHereditary haemorrhagic telangiectasia,I78.0,V297,의료비(급여부분)
323,유전성 코프로포르피린증\nHereditary coproporphyria,E80.2,V118,의료비(급여부분)
322,유전성 혈소판감소증\nHereditary thrombocytopenia,D69.4,V900,의료비(급여부분)
321,유황함유아미노산대사장애\nDisorders of sulfur-bearing amino-acid metabolism,E72.1,V117,"의료비(급여부분), 특수식이 구입비"
320,윤활막염-여드름-농포증-골염 증후군\nSynovitis-acne-pustulosis-hyperostosis-osteitis syndrome,없음,V900,의료비(급여부분)
319,이분요천추 NOS\nLumbosacral spina bifida NOS,Q05.7,V179,의료비(급여부분)
318,이분척추 NOS\nDorsal spina bifida NOS,Q05.6,V179,의료비(급여부분)
317,이분흉요추 NOS\nThoracolumbar spina bifida NOS,Q05.6,V179,의료비(급여부분)
316,이상조혈성 빈혈(선천성)\nDyshaematopoietic anaemia(congenital),D64.4,V220,의료비(급여부분)
315,이상피브리노젠혈증(선천성)\nDysfibrinogenaemia (congenital),D68.2,V009,의료비(급여부분)
314,이상형태성 얼굴 및 원위 골 이상을 동반한 신경발달 장애\nNeurodevelopmental disorder with dysmorphic facies and distal skeletal anomalies,없음,V900,의료비(급여부분)
313,이상형태성 얼굴 및 자폐증을 동반 또는 동반하지 않는 발달지연\nDevelopmental delay with or without dysmorphic facies and autism,없음,V900,의료비(급여부분)
312,이소성 부신피질자극호르몬증후군\nEctopic ACTH syndrome,E24.3,V114,의료비(급여부분)
311,이염성 백질디스트로피\nMetachromatic leukodystrophy,E75.2,V117,의료비(급여부분)
310,이중출구우심실\nDouble outlet right ventricle,Q20.1,V144,의료비(급여부분)
309,이중출구좌심실\nDouble outlet left ventricle,Q20.2,V144,의료비(급여부분)
308,이첨대동맥판막\nBicuspid aortic valve,Q23.1,V147,의료비(급여부분)
307,인대사 및 인산분해효소 장애\nDisorders of phosphorus metabolism and phosphatases,E83.3,V189,의료비(급여부분)
306,인두낭증후군\nPharyngeal pouch syndrome,D82.1,V111,의료비(급여부분)
305,일스 병\nEales’ disease,H35.0,V900,의료비(급여부분)
304,일차성 색소성 결절성 부신피질 질환\nPrimary pigmented nodular adrenocortical disease,없음,V900,의료비(급여부분)
303,일차성 코엔자임 큐텐 신증\nprimary coenzyme Q10 nephropathy,없음,V900,의료비(급여부분)
302,입-얼굴-손발 증후군\nOro-facial-digital syndrome,Q87.0,V185,의료비(급여부분)
301,자가면역 뇌염\nAutoimmune encephalitis,G04.8,V900,의료비(급여부분)
300,자가면역 림프증식 증후군\nAutoimmune lymphoproliferative syndrome,없음,V900,의료비(급여부분)
299,자가면역성 간염\nAutoimmune hepatitis,K75.4,V175,의료비(급여부분)
298,자가면역성 부신염\nAutoimmune adrenalitis,E27.1,V116,의료비(급여부분)
297,잠두중독\nFavism,D55.0,V163,의료비(급여부분)
296,잠복안구증후군\nCryptophthalmos syndrome,Q87.0,V185,의료비(급여부분)
295,장림프관확장증\nIntestinal lymphangiectasia,없음,V900,의료비(급여부분)
294,장병성 말단피부염\nAcrodermatitis enteropathica,E83.2,V900,의료비(급여부분)
293,장쇄수산화아실코에이탈수소효소결핍증(VLCAD)\nVery long chain acyl-CoA dehydrogenase(VLCAD) deficiency,E71.3,V117,의료비(급여부분)
292,장증상을 동반한 낭성 섬유증\nCystic fibrosis with intestinal manifestations,E84.1,V120,의료비(급여부분)
291,재발성 다발연골염\nRelapsing polychondritis,M94.1,V178,의료비(급여부분)
290,재발성 지방층염[웨버-크리스찬]\nRelapsing panniculitis[Weber-Christian],M35.6,V139,의료비(급여부분)
289,재조합 8번 염색체 증후군\nRecombinant chromosome 8 syndrome,없음,V901,의료비(급여부분)
288,저감마글로불린혈증 NOS\nHypogammaglobulinaemia NOS,D80.1,V111,의료비(급여부분)
287,저알도스테론증\nHypoaldosteronism,E27.4,V116,의료비(급여부분)
286,저인산효소증\nHypophosphatasia,E83.3,V189,의료비(급여부분)
285,저프로콘버틴혈증\nHypoproconvertinaemia,D68.2,V009,의료비(급여부분)
284,저형성빈혈 NOS\nHypoplastic anaemia NOS,D61.9,V023,의료비(급여부분)
283,전신농포건선\nGeneralized pustular psoriasis,L40.1,V313,의료비(급여부분)
282,전신성 모세혈관 누출 증후군\nSystemic capillary leak syndrome,없음,V900,의료비(급여부분)
281,전신성(∼의) 다발경화증\nMultiple sclerosis (of) generalized,G35,V022,"의료비(급여부분), 간병비, 인공호흡기 및 기침유발기, 보조기기 구입"
280,전신적으로 발병된 연소성 관절염\nJuvenile arthritis with systemic onset,M08.2,V133,의료비(급여부분)
279,전신홍반루푸스에서의 근병증\nMyopathy in systemic lupus erythematosus,M32.1,V136,의료비(급여부분)
278,전신홍반루푸스에서의 뇌염\nEncephalitis in systemic lupus erythematosus,M32.1,V136,의료비(급여부분)
277,전신홍반루푸스에서의 대뇌동맥염\nCerebral arteritis in systemic lupus erythematosus,M32.1,V136,의료비(급여부분)
276,전전뇌증(全前腦症)\nHoloprosencephaly,Q04.2,V900,의료비(급여부분)
275,전폐정맥결합이상\nTotal anomalous pulmonary venous connection,Q26.2,V150,의료비(급여부분)
274,점상 연골형성이상\nChondrodysplasia punctata,Q77.3,V228,의료비(급여부분)
273,정성적 혈소판결손\nQualitative platelet defects,D69.1,V106,의료비(급여부분)
272,제10인자[스튜어트-프라워]의 결핍\nⅩ[Stuart-Prower] deficiency of factor,D68.2,V009,의료비(급여부분)
271,제12인자[하게만]의 결핍\nⅩⅡ[Hageman] deficiency of factor,D68.2,V009,의료비(급여부분)
270,제13인자[피브린안정화]의 결핍\nⅩⅢ[Fibrin-stabilizing] deficiency of factor,D68.2,V009,의료비(급여부분)
269,제1공심방중격결손(Ⅰ형)\nOstium primum atrial septal defect (type Ⅰ),Q21.2,V269,의료비(급여부분)
268,제1인자[피브리노젠]의 결핍\nⅠ[Fibrinogen] deficiency of factor,D68.2,V009,의료비(급여부분)
267,제2인자[프로트롬빈]의 결핍\nⅡ[Prothrombin] deficiency of factor,D68.2,V009,의료비(급여부분)
266,제5인자[불안정]의 결핍\nⅤ[Labile] deficiency of factor,D68.2,V009,의료비(급여부분)
265,제7인자[안정]의 결핍\nⅦ[Stable] deficiency of factor,D68.2,V009,의료비(급여부분)
264,제8인자결핍(기능적 결함을 동반)\nDeficiency factor Ⅷ (with functional defect),D66,V009,의료비(급여부분)
263,제9인자결핍(기능적 결함을 동반)\nFactor Ⅸ deficiency (with functional defect),D67,V009,의료비(급여부분)
262,젤레오피직 이형성증\nGeleophysic dysplasia,없음,V900,의료비(급여부분)
261,젤웨거 증후군\nZellweger syndrome,Q87.8,V267,의료비(급여부분)
260,조기발병 소뇌성 운동실조(발병은 보통 20세 이전)\nEarly-onset cerebellar ataxia(Onset usually before the age of 20),G11.1,V123,"의료비(급여부분), 간병비, 인공호흡기 및 기침유발기, 보조기기 구입"
259,조기수축을 동반하는 양성 어깨종아리[에머리-드라이프스] 근디스트로피\nBenign scapuloperoneal with early contractures [Emery-Dreifuss] muscular dystrophy,G71.0,V012,"의료비(급여부분), 간병비, 인공호흡기 및 기침유발기, 보조기기 구입"
258,조로증\nProgeria,E34.8,V166,의료비(급여부분)
257,조직흑갈병\nOchronosis,E70.2,V117,"의료비(급여부분), 특수식이 구입비"
256,종양 괴사 인자 수용체와 관련된 주기성 증후군\nTumor necrosis factor receptor- associated periodic syndrome,없음,V900,의료비(급여부분)
255,좌상대정맥존속\nPersistent left superior vena cava,Q26.1,V150,의료비(급여부분)
254,좌측 결장염\nLeft side colitis,K51.5,V131,의료비(급여부분)
253,좌측전위\nLaevotransposition,Q20.5,V144,의료비(급여부분)
252,주기마비(가족성) 저칼륨혈성\nHypokalaemic periodic paralysis (familial),G72.3,V258,의료비(급여부분)
251,주기성 호중구감소\nPeriodic neutropenia,D70,V108,의료비(급여부분)
250,주로 단신과 관련된 선천기형증후군\nCongenital malformation syndromes predominantly associated with short stature,Q87.1,V158,의료비(급여부분)
249,주로 얼굴형태에 영향을 주는 선천기형증후군\nCongenital malformation syndromes predominantly affecting facial appearance,Q87.0,V185,의료비(급여부분)
248,주버트 증후군\nJoubert syndrome,Q04.3,V900,의료비(급여부분)
247,주조직적합성복합체I형결핍\nMajor histocompatibility complex class I deficiency,D81.6,V111,의료비(급여부분)
246,주조직적합성복합체Ⅱ형결핍\nMajor histocompatibility complex class Ⅱ deficiency,D81.7,V111,의료비(급여부분)
245,중간형 지중해빈혈\nIntermedia thalassaemia,D56.1,V232,의료비(급여부분)
244,중심핵 병\nCentral core disease,G71.2,V012,"의료비(급여부분), 간병비, 인공호흡기 및 기침유발기, 보조기기 구입"
243,중증 베타지중해빈혈\nSevere beta thalassaemia,D56.1,V232,의료비(급여부분)
242,중증 지중해빈혈\nMajor thalassaemia,D56.1,V232,의료비(급여부분)
241,"중증 화농성 한선염\nHidradenitis suppurativa, severe",L73.22,V309,의료비(급여부분)
240,중증[뒤쉔] 근디스트로피\nSevere[Duchenne] muscular dystrophy,G71.0,V012,"의료비(급여부분), 간병비, 인공호흡기 및 기침유발기, 보조기기 구입"
239,중증근무력증\nMyasthenia gravis,G70.0,V012,"의료비(급여부분), 인공호흡기 및 기침유발기"
238,중증복합면역결핍장애 NOS\nSevere combined immunodeficiency disorder [SCID]) NOS,D81.9,V111,의료비(급여부분)
237,중추신경계통의 원발성 혈관염\nPrimary angiitis of central nervous system (PACNS),없음,V900,의료비(급여부분)
236,증상성 근긴장증\nSymptomatic myotonia,G71.1,V012,"의료비(급여부분), 간병비, 인공호흡기 및 기침유발기, 보조기기 구입"
235,지대 근디스트로피\nLimb-girdle muscular dystrophy,G71.0,V012,"의료비(급여부분), 간병비, 인공호흡기 및 기침유발기, 보조기기 구입"
234,지방산대사장애\nDisorders of fatty-acid metabolism,E71.3,V117,"의료비(급여부분), 간병비"
233,지아-깁스 증후군\nXia-Gibbs syndrome,없음,V900,의료비(급여부분)
232,지중해빈혈 소질\nThalassaemia trait,D56.3,V232,의료비(급여부분)
231,지텔만 증후군\nGitelman syndrome,없음,V900,의료비(급여부분)
230,진행성 가족성 간내 담즙정체증\nProgressive familial intrahepatic cholestasis,없음,V900,의료비(급여부분)
229,진행성 골화섬유형성이상\nFibrodysplasia ossificans progressiva,M61.1,V224,의료비(급여부분)
228,진행성 전신경화증\nProgressive systemic sclerosis,M34.0,V138,의료비(급여부분)
227,진행성 패혈성 육아종증\nProgressive septic granulomatosis,D71,V109,의료비(급여부분)
226,진행성 핵상안근마비 [스틸-리차드슨-올스제위스키]\nProgressive supranuclear ophthalmoplegia [Steele-Richardson-Olszewski],G23.1,V190,의료비(급여부분)
225,질식성 흉부형성이상[쥐느]\nAsphyxiating thoracic dysplasia[Jeune],Q77.2,V228,의료비(급여부분)
224,짧은늑골증후군\nShort rib syndrome,Q77.2,V228,의료비(급여부분)
223,짧은사지체구를 동반한 면역결핍\nImmunodeficiency with short-limbed stature,D82.2,V111,의료비(급여부분)
222,척수(∼의) 다발경화증\nMultiple sclerosis (of) cord,G35,V022,"의료비(급여부분), 간병비, 인공호흡기 및 기침유발기, 보조기기 구입"
221,척수공동증 및 연수공동증\nSyringomyelia and syringobulbia,G95.0,V172,의료비(급여부분)
220,척수이개증\nDiastematomyelia,Q06.2,V180,의료비(급여부분)
219,척추골단형성이상\nSpondyloepiphyseal dysplasia,Q77.7,V228,의료비(급여부분)
218,철불응성 철결핍성 빈혈\nIron-refractory iron deficiency anemia,없음,V900,의료비(급여부분)
217,첨두다지유합증\nAcrocephalopolysyndactyly,Q87.0,V185,의료비(급여부분)
216,첨두유합지증\nAcrocephalosyndactyly(Apert),Q87.0,V185,의료비(급여부분)
215,체디아크(-스타인브링크)-히가시증후군\nChediak(-Steinbrinck)-Higashi syndrome,E70.3,V117,의료비(급여부분)
214,체질성 무형성빈혈\nConstitutional aplastic anaemia,D61.0,V023,의료비(급여부분)
213,초점성 및 분절성 경화증을 동반한 신증후군\nNephrotic syndrome with focal and segmental sclerosis,N04.1,V263,의료비(급여부분)
212,초점성 및 분절성 사구체병변을 동반한 신증후군\nNephrotic syndrome with focal and segmental glomerular lesions,N04.1,V263,의료비(급여부분)
211,초점성 및 분절성 유리질증을 동반한 신증후군\nNephrotic syndrome with focal and segmental hyalinosis,N04.1,V263,의료비(급여부분)
210,초점성 사구체신염을 동반한 신증후군\nNephrotic syndrome with focal glomerulonephritis,N04.1,V263,의료비(급여부분)
209,초프라-아미엘-고든 증후군\nChopra-Amiel-Gordon syndrome,없음,V900,의료비(급여부분)
208,촙스 증후군\nCHOPS syndrome,없음,V900,의료비(급여부분)
207,총동맥간\nCommon arterial trunk,Q20.0,V144,의료비(급여부분)
206,총방실관\nCommon atrioventricular canal,Q21.2,V269,의료비(급여부분)
205,촤지 증후군\nCHARGE syndrome,Q87.8,V267,의료비(급여부분)
204,최소변화병변을 동반한 신증후군\nNephrotic syndrome with minimal change lesion,N04.0,V263,의료비(급여부분)
203,축삭 회전타원체 및 색소침착된 아교세포를 동반한 성인-발병 백질뇌병증(ALSP)\nAdult-onset leukoencephalopathy with axonal spheroids and pigmented glia (ALSP),없음,V900,의료비(급여부분)
202,취약X증후군\nFragile X syndrome,Q99.2,V245,의료비(급여부분)
201,층판비늘증\nLamellar ichthyosis,Q80.2,V900,의료비(급여부분)
200,치사성 단신\nThanatophoric short stature,Q77.1,V228,의료비(급여부분)
199,치사성 수포성 표피박리증\nEpidermolysis bullosa letalis,Q81.1,V184,의료비(급여부분)
198,치상핵적핵담창구시상하핵 위축증\nDentatorubropallidoluysian atrophy (DRPLA),없음,V900,의료비(급여부분)
197,카나반 병\nCanavan´s disease,E75.2,V900,의료비(급여부분)
196,"카다실\nCADASIL, Cerebral autosomal dominant arteriopathy with subcortical infarcts and leukoencephalopathy",F01.1,V122,의료비(급여부분)
195,카라실 증후군\nCARASIL syndrome (Cerebral autosomal recessive arteriopathy with subcortical infarcts and leukoencephalopathy),없음,V900,의료비(급여부분)
194,카무라티-엥겔만증후군\nCamurati-Engelmann syndrome,Q78.3,V266,의료비(급여부분)
193,카복실레이스피루브산염의 결핍\nDeficiency of carboxylase pyruvate,E74.4,V117,의료비(급여부분)
192,카사바흐-메리트 증후군\nKasabach-meritt syndrome,없음,V900,의료비(급여부분)
191,카테콜라민 다형성 심실성 빈맥\nCatecholaminergic polymorphic ventricular tachycardia,I47.2,V900,의료비(급여부분)
190,카파경쇄결핍\nKappa light chain deficiency,D80.8,V111,의료비(급여부분)
189,카펜터 증후군\nCarpenter´s syndrome,Q87.0,V185,의료비(급여부분)
188,칸투증후군\nCantú syndrome,없음,V900,의료비(급여부분)
187,캐취22증후군\nCATCH22 syndrome,Q93.5,V217,의료비(급여부분)
186,컨스-세이어증후군\nKearns-Sayre syndrome,H49.8,V261,의료비(급여부분)
185,케네디 병\nKennedy disease,G12.28,V123,의료비(급여부분)
184,케이비지 증후군\nKBG syndrome,없음,V900,의료비(급여부분)
183,코리병\nCori’s disease,E74.0,V117,"의료비(급여부분), 간병비, 인공호흡기 및 기침유발기, 보조기기 구입"
182,코스텔로 증후군\nCostello syndrome,없음,V900,의료비(급여부분)
181,코스트만병\nKostmann’s disease,D70,V108,의료비(급여부분)
180,코오간증후군\nCogan’s syndrome,H16.3,V900,의료비(급여부분)
179,코츠망막병증\nCoats retinopathy,H35.0,V260,의료비(급여부분)
178,코케인 증후군\nCockayne syndrome,Q87.1,V158,의료비(급여부분)
177,코핀-로우리 증후군\nCoffin-Lowry syndrome,Q87.5,V900,의료비(급여부분)
176,코핀-시리스 증후군\nCoffin-Siris syndrome,없음,V900,의료비(급여부분)
175,코헨 증후군\nCohen syndrome,없음,V900,의료비(급여부분)
174,콜만증후군\nKallmann’s syndrome,E23.0,V165,의료비(급여부분)
173,쿠울리빈혈\nCooley’s anaemia,D56.1,V232,의료비(급여부분)
172,쿠프스병\nKufs’ disease,E75.4,V117,의료비(급여부분)
171,쿨렌-드브리스 증후군\nKoolen-de Vries syndrome,없음,V900,의료비(급여부분)
170,큐라리노 증후군\nCurrarino syndrome,없음,V900,의료비(급여부분)
169,크라베병\nKrabbe’s disease,E75.2,V117,"의료비(급여부분), 간병비"
168,크라이오피린 연관 주기 (발열) 증후군\nCryopyrin associated periodic (fever) syndrome,없음,V900,의료비(급여부분)
167,크레스트증후군\nCR(E)ST syndrome,M34.1,V138,의료비(급여부분)
166,크로이츠펠트-야콥병\nCreutzfeldt-Jakob disease,A81.0,V102,"의료비(급여부분), 간병비, 인공호흡기 및 기침유발기"
165,크론카이드-카나다 증후군\nCronkhite-Canada syndrome,없음,V900,의료비(급여부분)
164,크루존병\nCrouzon’s disease,Q75.1,V151,의료비(급여부분)
163,크리스마스병\nChristmas disease,D67,V009,의료비(급여부분)
162,큰뇌이랑증\nPachygyria,Q04.3,V214,의료비(급여부분)
161,"클라인펠터증후군, 두 개 이상의 X염색체를 가진 남성\nKlinefelter’s syndrome, male with more than two X chromosomes",Q98.1,V218,의료비(급여부분)
160,"클라인펠터증후군, 핵형 46, XX를 가진 남성\nKlinefelter’s syndrome, male with 46,XX karyotype",Q98.2,V218,의료비(급여부분)
159,"클라인펠터증후군, 핵형 47, XXY\nKlinefelter’s syndrome karyotype 47, XXY",Q98.0,V218,의료비(급여부분)
158,클리펠-트레노우네이-베버 증후군\nKlippel-Trénaunay-Weber syndrome,Q87.2,V243,의료비(급여부분)
157,클리펠-파일증후군\nKlippel-Feil syndrome,Q76.1,V900,의료비(급여부분)
156,클리프스트라 증후군\nKleefstra syndrome,없음,V900,의료비(급여부분)
155,타루이병\nTarui’s disease,E74.0,V117,"의료비(급여부분), 간병비, 인공호흡기 및 기침유발기, 보조기기 구입"
154,타우시그-빙증후군\nTaussig-Bing syndrome,Q20.1,V144,의료비(급여부분)
153,타이로신대사장애\nDisorders of tyrosine metabolism,E70.2,V117,"의료비(급여부분), 특수식이 구입비"
152,타이로신증\nTyrosinosis,E70.2,V117,"의료비(급여부분), 특수식이 구입비"
151,타이로신혈증\nTyrosinaemia,E70.2,V117,"의료비(급여부분), 특수식이 구입비"
150,탄력섬유성 거짓황색종\nPseudoxanthoma elasticum,Q82.8,V314,의료비(급여부분)
149,탈수소효소피루브산염의 결핍\nDeficiency of dehydrogenase pyruvate,E74.4,V117,의료비(급여부분)
148,태아헤모글로빈의 유전적 존속\nHereditary persistence of fetal haemoglobin [HPFH],D56.4,V232,의료비(급여부분)
147,터프팅장증\nTufting enteropathy (Intestinal epithelial dysplasia),없음,V900,의료비(급여부분)
146,"털손발톱치아형성이상 1,3형\nTrichorhinophalangeal syndrome type I & III",없음,V900,의료비(급여부분)
145,테이-삭스병\nTay-Sachs’ disease,E75.0,V117,의료비(급여부분)
144,템플 증후군\nTemple syndrome,없음,V900,의료비(급여부분)
143,"퇴행, 이상 운동, 언어 상실과 발작을 동반한 신경발달장애\nNeurodevevelopmental disorder with regression, abnormal movements, loss of speech, and seizures",없음,V900,의료비(급여부분)
142,튜블린병증\nTubulinopathies,없음,V900,의료비(급여부분)
141,트랜스타이레틴 아밀로이드 심근병증\nTransthyretin amyloid cardiomyopathy[ATTR-CM],없음,V900,의료비(급여부분)
140,트레처-콜린스 증후군\nTreacher Collins syndrome,Q75.4,V182,의료비(급여부분)
139,트립토판대사장애\nDisorder of tryptophan metabolism,E70.8,V117,의료비(급여부분)
138,특발성 무형성빈혈\nIdiopathic aplastic anaemia,D61.3,V023,의료비(급여부분)
137,특발성 비특이성 간질성 폐렴\nIdiopathic nonspecific interstitial pneumonia,없음,V900,의료비(급여부분)
136,특발성 파킨슨증 또는 파킨슨병\nIdiopathic Parkinsonism or Parkinson’s disease,G20,V124,의료비(급여부분)
135,특발성 폐 헤모시데린증\nIdiopathic pulmonary hemosiderosis,E83.1,V900,의료비(급여부분)
134,특발성 폐섬유증\nIdiopathic pulmonary fibrosis,J84.1,V236,"의료비(급여부분), 인공호흡기 및 기침유발기"
133,특발성 흉막실질 탄력섬유증\nIdiopathic pleuroparenchymal fibroelastosis,없음,V900,의료비(급여부분)
132,파르병\nFahr’s Disease,G23.8,V900,의료비(급여부분)
131,파리-롬버르그증후군\nParry-Romberg syndrome,G51.8,V900,의료비(급여부분)
130,파브리(-앤더슨)병\nFabry’s(-Anderson) disease,E75.2,V117,의료비(급여부분)
129,파종성(∼의) 다발경화증\nMultiple sclerosis (of) disseminated,G35,V022,"의료비(급여부분), 간병비, 인공호흡기 및 기침유발기, 보조기기 구입"
128,파킨슨병\nParkinson’s disease,G20,V124,의료비(급여부분)
127,파킨슨증 또는 파킨슨병 NOS\nParkinsonism or Parkinson’s disease NOS,G20,V124,의료비(급여부분)
126,판막상부 대동맥협착\nSupravalvular aortic stenosis,Q25.3,V272,의료비(급여부분)
125,판코니(-드토니)(-드브레)증후군\nFanconi(-de Toni)(-Debré)syndrome,E72.0,V117,의료비(급여부분)
124,판코니빈혈\nFanconi’s anaemia,D61.0,V023,의료비(급여부분)
123,팔로네징후\nTetralogy of Fallot,Q21.3,V269,의료비(급여부분)
122,팰리스터-킬리언 증후군\nPallister-Killian syndrome,Q99.8,V900,의료비(급여부분)
121,팰리스터-홀 증후군\nPallister-Hall syndrome,없음,V900,의료비(급여부분)
120,페인골드 증후군 유형 1\nFeingold syndrome type 1,없음,V900,의료비(급여부분)
119,펠란-맥더미드 증후군(22장완 13.3 결손 증후군)\nPhelan-McDermid syndrome(22q13.3 deletion syndrome),Q87.8,V900,의료비(급여부분)
118,펠리제우스-메르츠바하병\nPelizaeus-Merzbacher disease,E75.2,V900,의료비(급여부분)
117,편측파킨슨증\nHemiparkinsonism,G20,V124,의료비(급여부분)
116,폐동맥 슬링\nPulmonary artery sling,없음,V900,의료비(급여부분)
115,"폐동맥 협착 또는 폐쇄, 대동맥의 우측위치 및 우심실비대를 동반한 심실중격결손\nVentricular septal defect with pulmonary stenosis or atresia, dextroposition of aorta and hypertrophy of right ventricle",Q21.3,V269,의료비(급여부분)
114,폐동맥의 폐쇄\nAtresia of pulmonary artery,Q25.5,V149,의료비(급여부분)
113,폐동맥판폐쇄\nPulmonary valve atresia,Q22.0,V145,의료비(급여부분)
112,폐색성 비대성 심근병증\nObstructive hypertrophic cardiomyopathy,I42.1,V127,의료비(급여부분)
111,폐색혈전혈관염[버거병]\nThromboangiitis obliterans[Buerger],I73.1,V129,의료비(급여부분)
110,폐의 모세관성 혈관종증\nPulmonary capillary hemangiomatosis,없음,V900,의료비(급여부분)
109,폐의 사르코이드증\nSarcoidosis of lung,D86.0,V111,의료비(급여부분)
108,폐증상을 동반한 낭성 섬유증\nCystic fibrosis with pulmonary manifestations,E84.0,V120,의료비(급여부분)
107,폐침범 동반 전신홍반루푸스\nSystemic lupus erythematosus with lung involvement,M32.1,V136,의료비(급여부분)
106,폐침범을 동반한 다발동맥염[처그-스트라우스]\nPolyarteritis with lung involvement [Churg- Strauss],M30.1,V134,의료비(급여부분)
105,폐침범을 동반한 전신경화증\nSystemic sclerosis with lung involvement,M34.8,V138,의료비(급여부분)
104,폐침범을(를) 동반한 쉐그렌증후군\nSjogren’s syndrome with lung involvement,M35.0,V139,의료비(급여부분)
103,폐포단백질증\nAlveolar proteinosis,J84.0,V222,의료비(급여부분)
102,"포도당 수송자 1 결핍증\nGlucose transporter type1, GLUT1 deficiency",G93.4,V900,의료비(급여부분)
101,포도당-6-인산탈수소효소결핍에 의한 빈혈\nAnaemia due to glucose-6- phosphate dehydrogenase [G6PD] deficiency,D55.0,V163,의료비(급여부분)
100,포도막귀밑샘열\nUveoparotid fever[Heerfordt],D86.8,V111,의료비(급여부분)
99,포르브스병\nForbes’ disease,E74.0,V117,"의료비(급여부분), 간병비, 인공호흡기 및 기침유발기, 보조기기 구입"
98,포르피린증 NOS\nPorphyria NOS,E80.2,V118,의료비(급여부분)
97,포스포에놀피루브산염카르복시카이네이스의 결핍\nDeficiency of phosphoenolpyruvate carboxykinase,E74.4,V117,의료비(급여부분)
96,포이츠-제거스 증후군\nPeutz-Jeghers syndrome,Q85.8,V216,의료비(급여부분)
95,포토키-룹스키 증후군\nPotocki-Lupski syndrome,Q92.3,V900,의료비(급여부분)
94,폰 히펠-린다우 증후군\nVon Hippel-Lindau syndrome,Q85.8,V216,의료비(급여부분)
93,폰기에르케병\nvon Gierke’s disease,E74.0,V117,"의료비(급여부분), 간병비, 인공호흡기 및 기침유발기, 보조기기 구입"
92,폰렉클링하우젠병\nVon Recklinghausen’s disease,Q85.0,V156,의료비(급여부분)
91,폰빌레브란트병\nVon Willebrand’s disease,D68.0,V009,의료비(급여부분)
90,폴란드증후군\nPoland’s syndrome,Q79.8,V155,의료비(급여부분)
89,폼페병\nPompe’s disease,E74.0,V117,"의료비(급여부분), 간병비, 인공호흡기 및 기침유발기, 보조기기 구입"
88,푸고스축적증\nFucosidosis,E77.1,V117,의료비(급여부분)
87,푸마라제 결핍(증)\nFumarase deficiency,없음,V900,의료비(급여부분)
86,푹스디스트로피\nFuchs dystrophy,H18.5,V307,의료비(급여부분)
85,퓨린뉴클레오사이드인산화효소결핍\nPurine nucleoside phosphorylase[PNP] deficiency,D81.5,V111,의료비(급여부분)
84,프라더-윌리 증후군\nPrader-Willi syndrome,Q87.1,V158,의료비(급여부분)
83,프란체스쉐티 증후군\nFranceschetti syndrome,Q75.4,V182,의료비(급여부분)
82,프레이저 증후군\nFraser´s syndrome,Q87.0,V900,의료비(급여부분)
81,프로악셀레린결핍\nProaccelerin deficiency,D68.2,V009,의료비(급여부분)
80,프로피온산혈증\nPropionic acidaemia,E71.1,V117,"의료비(급여부분), 특수식이 구입비"
79,프리드라이히운동실조(보통염색체열성)\nFriedreich’s ataxia(autosomal recessive),G11.1,V123,"의료비(급여부분), 간병비, 인공호흡기 및 기침유발기, 보조기기 구입"
78,플로우팅 하버 증후군\nFloating-Harbor syndrome,없음,V900,의료비(급여부분)
77,피루브산염대사 및 포도당신합성 장애\nDisorders of pyruvate metabolism and gluco- neogenesis,E74.4,V117,의료비(급여부분)
76,피루브산염카이네이스결핍빈혈\nPyruvate kinase[PK] deficiency anaemia,D55.2,V164,의료비(급여부분)
75,피부의 사르코이드증\nSarcoidosis of skin,D86.3,V111,의료비(급여부분)
74,피어슨 증후군\nPearson syndrome,없음,V900,의료비(급여부분)
73,피어슨 증후군[Pierson syndrome]\nPierson syndrome,없음,V900,의료비(급여부분)
72,피어폰트 증후군\nPierpont syndrome,없음,V900,의료비(급여부분)
71,피질하 낭을 동반한 거대뇌성 백질뇌병증\nMegalencephalic leukoencephalopathy with subcortical cysts,없음,V900,의료비(급여부분)
70,피트 홉킨스 증후군\nPitt-Hopkins syndrome,없음,V900,의료비(급여부분)
69,필라롭스키-비욘슨 증후군\nPilarowski-Bjornsson syndrome,없음,V900,의료비(급여부분)
68,필레증후군\nPyle’s syndrome,Q78.5,V215,의료비(급여부분)
67,하다드 증후군\nHaddad syndrome,G47.31,V900,의료비(급여부분)
66,하르트넙병\nHartnup’s disease,E72.0,V117,의료비(급여부분)
65,하악안면골이골증\nMandibulofacial dysostosis,Q75.4,V182,의료비(급여부분)
64,하이드록시라이신혈증\nHydroxylysinaemia,E72.3,V117,의료비(급여부분)
63,하쥬-체니 증후군\nHadju-Cheney syndrome,없음,V900,의료비(급여부분)
62,한랭글로불린혈증성 혈관염\nCryoglobulinaemic vasculitis,D89.1,V294,의료비(급여부분)
61,할러포르덴-스파츠병\nHallervorden-Spatz disease,G23.0,V257,의료비(급여부분)
60,할리퀸태아\nHarlequin fetus,Q80.4,V300,의료비(급여부분)
59,항인지질증후군\nAntiphospholipid syndrome,D68.6,V253,의료비(급여부분)
58,항체결손이 현저한 기타 면역결핍\nOther immunodeficiencies with predominantly antibody defects,D80.8,V111,의료비(급여부분)
57,항트롬빈결핍\nAntithrombin deficiency,D68.5,V900,의료비(급여부분)
56,해당효소의 장애에 의한 빈혈\nAnaemia due to disorders of glycolytic enzymes,D55.2,V164,의료비(급여부분)
55,"핵형45, X\nKaryotype 45, X",Q96.0,V021,의료비(급여부분)
54,"핵형46, X동인자(Xq)\nKaryotype 46, X iso(Xq)",Q96.1,V021,의료비(급여부분)
53,허스병\nHers’ disease,E74.0,V117,"의료비(급여부분), 간병비, 인공호흡기 및 기침유발기, 보조기기 구입"
52,헌터-맥칼파인 증후군\nHunter-McAlpine syndrome,없음,V900,의료비(급여부분)
51,헌터증후군\nHunter’s syndrome,E76.1,V117,"의료비(급여부분), 간병비, 인공호흡기 및 기침유발기, 보조기기 구입"
50,헌팅톤무도병\nHuntington’s chorea,G10,V123,의료비(급여부분)
49,헌팅톤병\nHuntington’s disease,G10,V123,의료비(급여부분)
48,헐러-샤이에증후군\nHurler-Scheie syndrome,E76.0,V117,"의료비(급여부분), 간병비, 인공호흡기 및 기침유발기, 보조기기 구입"
47,헐러증후군\nHurler syndrome,E76.0,V117,"의료비(급여부분), 간병비, 인공호흡기 및 기침유발기, 보조기기 구입"
46,헤르만스키-푸들라크증후군\nHermansky-Pudlak syndrome,E70.3,V117,의료비(급여부분)
45,헤를리츠증후군\nHerlitz’ syndrome,Q81.1,V184,의료비(급여부분)
44,헤모글로빈 사우샘프턴(헤모글로빈 캐스퍼)\nHemoglobin Southampton (Hemoglobin Casper),없음,V900,의료비(급여부분)
43,헤이-웰스증후군 (안검유착-외배엽 결손)\nHay-Wells syndrome (Ankyloblepharon-ectodermal defects),Q82.4,V900,의료비(급여부분)
42,헤임러 증후군\nHeimler syndrome,없음,V900,의료비(급여부분)
41,헥소카이네이스결핍빈혈\nHexokinase deficiency anaemia,D55.2,V164,의료비(급여부분)
40,현미경적 다발동맥염\nMicroscopic polyarteritis,M31.7,V238,의료비(급여부분)
39,현저한 면역조절T-세포장애에 의한 공통 가변성 면역결핍\nCommon variable immunodeficiency with predominant immunoregulatory T-cell disorders,D83.1,V111,의료비(급여부분)
38,혈관결손이 있는 제8인자결핍\nFactor Ⅷ deficiency with vascular defect,D68.0,V009,의료비(급여부분)
37,혈관혈우병(Angiohaemophilia)\nAngiohaemophilia,D68.0,V009,의료비(급여부분)
36,혈관혈우병(Vascular haemophilia)\nVascular haemophilia,D68.0,V009,의료비(급여부분)
35,혈구탐식성 림프조직구증\nHaemophagocytic lymphohistiocytosis,D76.1,V110,의료비(급여부분)
34,혈색소증\nHaemochromatosis,E83.1,V255,의료비(급여부분)
33,혈소판감소 및 습진을 동반한 면역결핍\nImmunodeficiency with thrombocytopenia and eczema,D82.0,V111,의료비(급여부분)
32,혈소판무력증(출혈성)(유전성)\nThromboasthenia (haemorrhagic)(hereditary),D69.1,V106,의료비(급여부분)
31,혈소판병증\nThrombocytopathy,D69.1,V106,의료비(급여부분)
30,혈우병 NOS\nHaemophilia NOS,D66,V009,의료비(급여부분)
29,혈장트롬보플라스틴성분결핍\nPlasma thromboplastin component[PTC] deficiency,D67,V009,의료비(급여부분)
28,혈장트롬보플라스틴전구물질결핍\nPlasma thromboplastin antecedent [PTA] deficiency,D68.1,V009,의료비(급여부분)
27,혈전성 미세혈관병증\nThrombotic microangiopathy,M31.1,V135,의료비(급여부분)
26,혈전성 혈소판감소성 자반\nThrombotic thrombocytopenic purpura,M31.1,V135,의료비(급여부분)
25,형성저하성 우심증후군\nHypoplastic right heart syndrome,Q22.6,V146,의료비(급여부분)
24,형성저하성 좌심증후군\nHypoplastic left heart syndrome,Q23.4,V147,의료비(급여부분)
23,호모시스틴뇨\nHomocystinuria,E72.1,V117,"의료비(급여부분), 특수식이 구입비"
22,호중구감소 NOS\nNeutropenia NOS,D70,V108,의료비(급여부분)
21,호중구감소성 비장비대\nNeutropenic splenomegaly,D70,V108,의료비(급여부분)
20,혼합결합조직병\nMixed connective tissue disease,M35.1,V139,의료비(급여부분)
19,홀트-오람 증후군\nHolt-Oram syndrome,Q87.2,V243,의료비(급여부분)
18,홍채각막내피증후군\nIridocorneal endothelial syndrome,없음,V900,의료비(급여부분)
17,화버증후군\nFarber’s syndrome,E75.2,V117,의료비(급여부분)
16,화이트-서튼 증후군\nWhite-Sutton syndrome,없음,V900,의료비(급여부분)
15,확대된 전정수도관 증후군\nEnlarged vestibular aqueduct syndrome,없음,V900,의료비(급여부분)
14,"활동성 구루병\nRickets, active",E55.0,V207,의료비(급여부분)
13,활성화된 PI3K 델타 증후군\nActivated PI3K Delta Syndrome,없음,V900,의료비(급여부분)
12,활택뇌증\nLissencephaly,Q04.3,V900,의료비(급여부분)
11,횡격막 탈출\nEventration of diaphragm,Q79.1,V155,의료비(급여부분)
10,횡격막결여\nAbsence of diaphragm,Q79.1,V155,의료비(급여부분)
9,횡격막의 기타 선천기형\nOther congenital malformations of diaphragm,Q79.1,V155,의료비(급여부분)
8,횡격막의 선천기형 NOS\nCongenital malformation of diaphragm NOS,Q79.1,V155,의료비(급여부분)
7,효소결핍과 관련된 선천성 부신생식기장애\nCongenital adrenogenital disorders associated with enzyme deficiency,E25.0,V115,의료비(급여부분)
6,후천성 수포성 표피박리증\nAcquired epidermolysis bullosa,L12.3,V176,의료비(급여부분)
5,휘파람부는 얼굴\nWhistling face,Q87.0,V185,의료비(급여부분)
4,흉선성 림프조직무형성\nThymic alymphoplasia,D82.1,V111,의료비(급여부분)
3,흉터유사천포창\nCicatricial pemphigoid,L12.1,V212,의료비(급여부분)
2,히스티딘대사장애\nDisorder of histidine metabolism,E70.8,V117,의료비(급여부분)
1,힘줄의 결여\nAbsence of tendon,Q79.8,V155,의료비(급여부분)
