_id,hospital_name,text,positive
65e832bd1faa0e766c4d06ce,고려대학교 구로병원,불친절!! 전공의 복귀해!,0
65e832bd1faa0e766c4d06d0,고려대학교 구로병원,"Very crowded and the doctors can be very unfriendly and actually not good enough, but the other people working there do a great job",0
65e832bd1faa0e766c4d06d1,고려대학교 구로병원,,
65e832bd1faa0e766c4d06d2,고려대학교 구로병원,여 기 진 짜 별로임\n애기 발에 고름이 꽉차서 누렇고 퉁퉁부어있는데\n발 보더니 아무이상없다고 누가 고름찼다고 했냐고 발을 꽉눌러서 애비명지르고우는데 꾹꾹누르면서 고름없다고 함ㅋㅋㅋㅋㅋ 나참 ㅋㅋ\n그리고 뭐 담당의사없다고 예약잡아준대서 걍 나와서\n열때문에 동네소아과로 갔는데 아이 보자마자 발에 고름이 왜이리차있냐며 바로짜주겠다고함 \n소아과에서 5분내로해결함ㅋㅋ,0
65e832bd1faa0e766c4d06d3,고려대학교 구로병원,,
65e832bd1faa0e766c4d06d4,고려대학교 구로병원,고대\n구로병원에 가시거든 다른 병원가세요\n저희 아버지 일반 병실에 계시다가\n중환자 실로 옮기셨거든요 옮기실때 일반 병동 간호사들한태 왜 중환자실로 옮기시냐고 물어보니\n뚜렷한 말씀은 안하시고 열과 호흡이 잘 안되어\n옮긴다고 합니다 일주일도 안되서\n뇌경색이 왔고 중풍도 있고 치매까지도 \n생겼다고....일요일에 누나가 면회를 가셨는데\n욕창도 생겼다고 하네요 ㅠㅠ  \n간호사들은 뭐하길래..\n수면제 약물로 매일투여 해서 잠에서 깨어나지\n못하게 합니다 그러다 보니 욕창도 생길뿐더러\n깨워날수도 있는데 깨워나지 못하게 합니다\n아마도 의료진들 편하기 하기 위함 같네요\n왜 수면제로 계속 재우냐고 해도 선망증세가\n나타나기 때문이라고 변명만 늘어놓습니다\n중환자실에 가시면 과장이란분이 선망관련해서\n가입하라고 합니다 \n여기에 속지 마세요 절대로 선망증세 가입권유 하면 \n가입안한다 하세요 선망증세 가입하라는 \n의사가 나오는데 분명 본인입으로 피검사\n조직 검사 안한다고 합니다... 물어보지도 않았는데\n그런말 하는 자체가 이상합니다 \n그리거 선망증세 싸인 하는순간부터\n병원비가 엄청 올라갑니다 이것저것 약물을\n사용하다 보니 병원비가 엄청 올라갑니다\n선망증세 검사 하면 각 대학병원 5군데에\n선망관련으로 해서 조사를 한걸 5군데\n병원에 보낸다고 합니다\n절대 사인하지도 마세요\n일반 사람도 수면제를 계속 투입하게 되면 \n정신이 들었을때 당연히 선망증세가 나타납니다\n의료진들이 너무 성의도 없고 \n희망 적인 애기는 전혀 없고\n가족들 불안하게만 만드네요\n누군가 고대구로병원이 좋다하시면\n알바일 가능성이 높습니다\n환자들은 임상 실험대상이 아닌데....\n아픈 환자들을 치료목적이 아니라\n돈 벌이 대상으로 보는것 같네요\n고대 구로 병원에 가실려거든\n세브란스.서울대.아산.삼성쪽으로 가셔요\n많은 사람들이 이용하고 평점을 내도\n2점이지만 여기는 1점도 아까운 병원입니다\n의료진분들... 환자는 돈 벌이 대상도\n아니고 의료진들 실적 내는 환자들이 아닙니다\n본인들 실적 내고 진급하려는 썩어빠진\n생각들좀 바뀌었으면 좋겠네요\n저희 부모님 몇일전에 중환자실에서\n돌아가셨습니다 돌아가시고도\n아버지를 영안실이든 다른 곳에 모실려고 하는데\n중환자실에 무엇을 하는지는 모르겠지만\n아버지 인계받는 시간이 4시간이나\n걸렸습니다 아무리 초인종을 눌러서\n저희 아버지 보내달라고 해도 알겠다만 하고\n보내주지 않았습니다\n4시간 동안 무엇을 했는지 모르겠습니다\n고대 구로병원 정말 신뢰를 할수가 없는것 같습니다\n가실려거든 세브란스나 아산 삼성의료원 가세요\n진심으로 비추입니다,0
65e832bd1faa0e766c4d06d5,고려대학교 구로병원,여기 서류 처리 때문에 전화 했었는데 늙은 사람이 전화 받는 태도 말투가 기본도 안 되어 있고 도저히 일을 하겠다는 건지 사람이랑 싸우겠다는건지 구분이 안갈 정도로 정신에 문제가 있어보였음,0
65e832bd1faa0e766c4d06d6,고려대학교 구로병원,"암만 대학병원이여도 너무 심하네요 \n대기는 그렇다 치고\n전화 하려면 20통은 기본이고\n암만 간단한 시술이여도 입원하고 하는건데\n보호자는 입원실에 들어가지도 못하는데\n시술 할 때 보호자 필요 하다고 하면서\n4시에 시술 하겠다 해놓고 세시간이나 당겨서 시술 한시간 전에 보호자한테 말해주고; \n부랴부랴 시간 맞춰 왔더니 말해준 시간보다 더 빨리 해서 보호자 없이 시술 하고, 오라 했다 가라했다 다시 오라고 하고 아 진짜 환자 보호자 똥개 훈련시키는 병원임 진짜 최악",0
65e832bd1faa0e766c4d06d7,고려대학교 구로병원,내분비내과 당뇨전문의 ...20년 넘게 내 건강을 마꼈는데... 1형인지 2형인지 검사한적도 없고..  25년만에 처음 당뇨관리한다고 최근에 은퇴하고 운동으로 열심히 했더니... 당화혈색소가 8-> 6.4까지 내려갔는데... 의사라면 잘했다고 칭찬해야지..  간 수치가 좀 올라갔다고 간센터 가라고 해서 갔더니 검사비만 60만원이래서 부담되니 안하고 한달 후 재검진까지 운동강도를 좀 나추고 재검사 했던니 정상수치로 회복되었는데...간검사 지시했는데 왜 안했냐고 자기 말안들으면 딴 병원가라고 쫒겨남. 그 교수나한테 약말고 뭘 처방했는지 2~3분 문진시간 넘으면 짜증내건 밖에 기억 안남.. 지금은 딴 큰 병원에 다니는데... 환자와 의사사이 교감수준이 차이가 많이남... 고대병원 훌륭한 의사 많겠지만 내분비내과 X교수에게 당뇨 마끼지마세요~ 25년 병원비만 몇천 날렸습니다.,0
65e832bd1faa0e766c4d06d8,고려대학교 구로병원,https://m.yna.co.kr/view/AKR20231110045900505,1
65e832bd1faa0e766c4d06d9,고려대학교 구로병원,점심시간에 밥처먹으러갈거면 교대로 가라,0
65e832bd1faa0e766c4d06da,고려대학교 구로병원,사람 많아서 대기시간 긴 건 맞음.\n근데 그건 어느 대학병원이나 유명 개원병원이면 다 똑같음.\n소아과나 응급실 사람들이 수납/접수처에서 닥달하는 건 이해하는데 다른 진료과에서도 진짜 5분에 한번씩 닥달하는 사람들 보면 왜 평이 나쁜지 이해가 됨.,0
65e832bd1faa0e766c4d06db,고려대학교 구로병원,"수술때문에 입원을 했었습니다 \n수술 자체는 잘 마무리 됐습니다만 후처치 ,수술전 준비 중 아주 불쾌했던 경험이 있어 적어봅니다\n마취하고  잠시 깼었는대 의산지 간호사인진 모르겠지만 그 들중 한명이 저를 향해 불쾌한 언행을 내뱉었습니다 \n마취되어 온 몸은 움직일수가 없는대 정신은 멀쩡한상태에서 그런 말을 들으니 너무 화나고 무서웠던 기억이 납니다 몸이 안움직여서..후에 교수에게 말하니 깰리가 없다며 내 말을 믿지 않아 억울하더라구요..\n후처치 문제는 수술이 끝난 후에 소독한다고 배꼽에 소독거즈를 안에 꽉 집어놨는대 원래는 수술 다 끝나고 빼내는 거더군요 전 그게 소독거즈라고 생각 못했습니다 워낙딱딱하고 그래서 조심 스럽기도 했구요..여하간 퇴원하고 소독하러 몇일 있다가 병원에 다시 갈때까지 모르고 있다가 교수가 왜 이걸 안뺐지 ? 하며 의야해하는 걸 보고 이게 거즈라는걸 알았습니다..너무 어이가 없었네요\n혹시나 감염이 될 수도 있는 상황이였는대 그냥 넘어가서 화가 좀 났었습니다 대형병원인대 마무리가 이래서야 되겠습니까\n간호사 분들도..주사는 자기들이 못놨으면서 내가 움직여서 그랬다고 하며 내탓하는대..제가 왠만하면 몇번 찌르고 못해도 그러려니 하는 사람인대 몇번하다가 내탓을 하니   피가 거꾸로 솟는 느낌이 나더라구요 ㅋㅋ\n집에서 제일 가까운곳이 이렇게 말도탈도 많으니 걱정입니다...재정비를 해주셨으면 좋겠네요\n그나마 별점 2점 준것은..쨋든 수술 자체는 잘 마무리 됐고 \n이런 말 좀 웃기지만 밥이 맛있게 잘 나왔어서....그나마 맘이 좀 나았기에 2점 올립니다.",0
65e832bd1faa0e766c4d06dc,고려대학교 구로병원,의사들이 전반적으로 싸가지가없음. 다른 대병에 비해  검사비  비쌈. 병원 바로밖에서 환자들이 담배피고있는 병원. 소화기내과 ㄱㅅㅎ은 무슨검산지  시간이 얼마나 소요되는지 물어보면 몰라도 된다식. 질문만하면 한심하다는 식의  표정과 대답. 병고치려다 더 나빠질듯. 자기 부모님도  똑같은 의사 만나길바람. 동네병원가든가 아님 멀어도 다른 대병가시길.  그냥  거지한테 시간과 돈을 적선했다 생각함,0
65e832bd1faa0e766c4d06dd,고려대학교 구로병원,"이런 수준으로 운영되는 병원이 한국의 10위권 상급종합병원이고 권역을 책임지는 병원이란 사실은, 우리 모두에게 굉장히 슬픈 일이다. 헌신하는 사람들의 노력이 헛되지 않게 많은 부분이 개선되길.",0
65e832bd1faa0e766c4d06de,고려대학교 구로병원,중환자실에 입원 하는동안 교수란 인간은 얼굴도 안보이고....\n진료예약하고 진단서 받으러 가도 진료실에 들어올 필요없다고 해서 끝까지 교수 얼굴 못봤음\n제발 부탁드려요 다른 병원으로 가세요\n저희 어머니도 다른 병원으로 옮길겁니다,0
65e832bd1faa0e766c4d06df,고려대학교 구로병원,♩♬♩♬♪노옴들만 간병하는 \n병원,0
65e832bd1faa0e766c4d06e0,고려대학교 구로병원,,
65e832bd1faa0e766c4d06e1,고려대학교 구로병원,진료 서비스 다 쓰레기.  원무과는 남의 서류 없다고 해서 진료 못 받게 해놓고 찾아가니까 “아이씨 없다니까” 이럼 결국엔 지가 낮잠잘때 팔받침으로 쓰던게 내 서류 원무과 과장인가 짬좀되는양반이 그모양이고 교수는 무게만잡고 진료는 제대로 안봐줌 \n직장이 바쁜시기라 눈치보면서 연차로 이틀이나 왔는데 이틀다 시간날리고 휴가날리고 돈날리고,0
65e832bd1faa0e766c4d06e2,고려대학교 구로병원,,
65e832bd1faa0e766c4d06e3,고려대학교 구로병원,진짜 웬만하면 리뷰 안남기는데 정말 최악입니다. 검사 시간 예약시간 맞춰오면 한시간 딜레이는 정말 기본에다가 나이드신분 진료받을때 건성한 태도에 굉장히 불친절 합니다. 정말 다른병원가는거 추천드릴게요,0
65e832bd1faa0e766c4d06e4,고려대학교 구로병원,응급실 인원 좀 늘리세요\n응급실이 응급실이 아님 외래온 줄,0
65e832bd1faa0e766c4d06e5,고려대학교 구로병원,성형외과 개판이네요 예약을 해도 몇시간씩 기다리는 것은 기본이고\n기다리다가 수술간다고 들어가버리면 도대체 예약을 왜 받는 건지 이해가 되지 않네요\n의사는 진료가 하기 싫으면 환자 예약을 받지 않는게 맞습니다. 그게 환자나 의사나 서로 시간 뺏지 않는게 아닌까요,0
65e832bd1faa0e766c4d06e6,고려대학교 구로병원,"정말 시스템 너무 하네요\n(정말 리뷰태어나서 5건 이하 작성했는데 이건해야합니다)\n\n1.\n몇년 전 사랑니 발치때문에 갔었는데 수술전부터 피검사랑 뭐 검사시켜놓고 (수술도 그닥..), 최근에 수술도 아니고 결국 의자에 앉아 설명듣고만 나왔는데도 그때도 잡검사시켜 5만원 넘게 나왔습니다\n(신촌세브란스서 수술 및 진료받았는데 체감상 비용이 훨 적게나왔음)\n\n2.\n며칠전 와이프가 컨디션이 안 좋아 동네내과서 피검사했는데 하나의 염증수치가 높아 여기로 보내더군요(협력원관계겠죠) \n토욜 응급실로 보냈는데 '빌어먹을 염증검사나 ct먼저' 하지않고...바로 (심각하게 느끼기위해)닝겔맞추고,열검사, 코로나검사, 피검사 2번, 소변검사 시킵니다. 당일 x-ray 촬영하고 왔는데도 무조건 또 해야한다면서 x-ray와 ct촬영하고...항생제투약 전 세균배양용 혈액체취하여 총 3번의 채혈했네요. 검사보더니 와이프 샘플채취인가 뭐 바이러스 검사한것 같은데 외국인와이프 남편인 저에게 많은 걸 설명해주지도 않네요, 그대신 ""담주에 오셔서 교수님이 설명과 결과주실건데 그때 피랑 소변검사하고 오시면된다""라고합니다 (결과 듣는데도 검사시켜 돈 뜯으려고 작정했죠)\n다른 병원이면 1시간 좀 넘으면 될걸 닝겔퍼포먼스와 수많은 검사시켜서 5시간 좀 넘게 있었네요 !\n\n3. \n불철주야 근무하시는 의사, 간호사분들을 비난할 수 없고 이따위 시스템을 운영하고있는 운영진들이 비인간적인것 같아요, 건물만 리모델링해서 보기좋으면 뭐해요 사악하게 사람들을 착취하고 있는데...위치가 외국인과 노인분이 많이 거주하시고 실제로 병원가보면 주 고객(그들한텐)을 알 수 있어요. 의료사항 ,법규들먹이면서 검사시키고 시간끌면 외국인들과 노인분들은.. 더 병원에 끌려다니시겠죠ㅠㅠ 그걸 뻔히 알고도...이따위 시스템으로 운영하고 착취하는 모습에 여긴 병원이 아니구나라고 느꼈네요\n\n아프시면 안되겠지만 행여 그런상황이 되시면..""병원""가셔요ㅠ",0
65e832bd1faa0e766c4d06e7,고려대학교 구로병원,"간호사 채혈 불법의료라던데 입원 중 간호사가 채혈해 간 적 많은데 어찌 된 일?\n심지어 채혈실 직원한테 채혈하고 1시간쯤 후 간호사가 쩔쩔매면서 와서 채혈 거부하셨다는데 무슨 이유냐고 해서 벙찜\n알고보니 채혈실 직원이 멋대로 그만두고 가서 간호실에다가 내가 아파해서 중단했으니까 간호사보고 채혈하라고 했다고 함\n아프다고 하지도 않았고 한 팔은 골절에 한 팔은 수액 꽂아 바늘 넣을 곳이 없어서 발등에서 뽑느라 가만 누워 입 앙다물고 끙끙 거린 정도인데 그렇다고 나보고 아프냐고 물어본 것도 아니고 ""다 됐다"" 한 마디 남기고 나가서 주사바늘 두 번 찔리게 하고 간호사랑 환자랑 둘 다 당황하게 만들고 뭐하자는건지",0
65e832bd1faa0e766c4d06e8,고려대학교 구로병원,대학병원임에도 불구하고 체계란게 없는것 같음\n1시간 이거저거 하고 5분 진료 성의도 없음\n전원하고 전문분야로 예약했는데 다른 분야 선생예약됨 참 ㅡㅡ,0
65e832bd1faa0e766c4d06e9,고려대학교 구로병원,별로...,0
65e832bd1faa0e766c4d06ea,고려대학교 구로병원,지인 어머님이 수술했는데 의료진 개복수술했는데. 의사 실수했는데 또 열어서 수술해 진료비용까지 청구해. 6개월동안 맘고생하구. 진짜 형편없는 병원 의료진이네요. 비추,0
65e832bd1faa0e766c4d06eb,고려대학교 구로병원,7대병원에도 못 드는 곳 호흡기내과 유명하다고 해서 갔는데 다신 안갑니다\n심지어 저 졸업생인데ㅋㅋㅋㅋㅋㅋㅋ\n개나소나 대답해줄만한걸 전문가 지위빌려 대단한 진료인척 무성의하고 건성으로 환자를 대합니다\n\n의사로서 기본 소양을 지니고있는지 의심스러울만큼 직업의식이 극도로 결여돼 있다고 느꼈습니다,0
65e832bd1faa0e766c4d06ec,고려대학교 구로병원,"의사가 수술한 환자 3일 동안 회진도 안 돌고, 시설도 낙후되고, 친절하지도 않고, 응급 수술한다고 붙잡아 놓고 3일동안 방치해두고 나 몰라라 함\n응급상황이여서 어쩔수 없이 가서 수술까지 하게 됐지만 지인들이 간다고 하면 뜯어서라도 말려야 함",0
65e832bd1faa0e766c4d06ed,고려대학교 구로병원,절대 여기 응급실 가지마세요\n급하다는데 환자 그냥 방치해둡니다\n이런사람들을 의료인이라 할수있을까요?,0
65e832bd1faa0e766c4d06ee,고려대학교 구로병원,ㆍ,1
65e832bd1faa0e766c4d06ef,고려대학교 구로병원,응급환자가 실려와서 고통스러워  해도 신경도 별로 안씁니다. 당장 죽겠다고 오면 한달 후에 검사를 찍을 수 있다는 소리나 하고 진단  및 치료도 잘 못하고... 1점도 아깝습니다...,0
65e832bd1faa0e766c4d06f0,고려대학교 구로병원,난 개인적으로 간호사들 친절해서 좋던데......큰병원이 시스템이 좀 느리긴 하지...,2
65e832bd1faa0e766c4d06f1,고려대학교 구로병원,,
65e832bd1faa0e766c4d06f2,고려대학교 구로병원,,
65e832bd1faa0e766c4d06f3,고려대학교 구로병원,"갑상선때문에 한달반 전에 예약했는데, 누락..\n\n누락된것도 방문예정일 4일전에 전화와서 알게 됌",0
65e832bd1faa0e766c4d06f4,고려대학교 구로병원,과잉진료\n애가 고열이 며칠을 안떨어져서 갔급니다. 코로나 신속항원 전날 다른 소아과에서 음성 확인서 떼 갔는데 당일게 아니라고 신속항원 받게하더니 입원하려면 pcr을 또 하라고 근데 그건 비급여로 해주네요. 소비자에게 최대한으로 받아내려는건지..입원해서는 20만뤈하는 호흡기 바이러스 +인플루엔자 검사를 또 시켜서 하루에 애가 코를 4번이나 찔렀네요... 코로나는 실비청구도 안되고 고작 처방약은 동네 병원에서 처방하는 약과 다를게 없습니다.,0
65e832bd1faa0e766c4d06f5,고려대학교 구로병원,최악,0
65e832bd1faa0e766c4d06f6,고려대학교 구로병원,개선점이 조금 보여요,1
65e832bd1faa0e766c4d06f7,고려대학교 구로병원,"미래관의 준공으로 혈액내과 백혈병 환우들의 치료공간이 늘어나게 되어 앞으로 치료효과의 상승이 예상됩니다.\n금천구 구로구 영등포구 관악구의 상급종합병원의 거점병원으로 역할을 잘해 주시길 부탁드립니다.\n특히 감염내과 김우주 교수님도 코로나19 예방에 전력하고도 항상 미소로 대해주셔서 감사하고요. 혈액내과 최철원 교수님 백혈병 환우들의 안전한 치료를 위해 최선을 다해주셔서 감사합니다. \n그리고 한 친절하시는 우리방 서유리 간호사님을 비롯한 간호, 간병 직원여러분들의 노고에 감사드립니다.",2
65e832bd1faa0e766c4d06f8,고려대학교 구로병원,응급병동5층입원했는데 간호사는 잔뜩있고 하는건링겔만갈아주고 환자겆지못하는거 뻔히알면서 걸어서 다른층내시경실갈수있나 묻고 못걷는다고하니 보호자분더러 어디가서 휠차찾아오라는데 복도엔 휠차보이지도않고 아무리 간호는안해주는 병실이라고해도 이건 너무한거아닌가요? 휠차찾느라 이병실층을 싹 돌아봤네요 ㅎ,0
65e832bd1faa0e766c4d06f9,고려대학교 구로병원,대기가 너무 길어 예약이 의미가 없어요. 엑스레이실을 더 늘리던지 환자를 조절하던지 너무 오래 기다려야돼요.,0
65e832bd1faa0e766c4d06fa,고려대학교 구로병원,"최악의 응급실, 위경련으로 갔는데 6시간 동안 무슨 문제인지 못 잡아내고 마약성 진통제만 4통 넣고, 보호자가 약품확인하니 그때서야 진경제 투약하고 좋아짐. CT검사 피검사하고 무슨 문제인지 모르겠다고 아파서 소리지르는 사람보고 해줄 수 있는게 없다며 퇴원하라고? 정신나간 의사가 일반 보호자보다도 치료제를 제대로 쓸 줄 모르고 정말 형편없다. 다시는 안간다.",0
65e832bd1faa0e766c4d06fb,고려대학교 구로병원,너무 화가납니다 정말 인성이 중요한데 글러먹었네요 일반 환자도 아닌 응급실로 간 환자인데 너무 아프다고 말해도 제발 와달라고 해도 거들떠보지도 않네요. 그냥 조금 기다리라고 하고 그냥 가버리는데 그냥 죽으라는 건가하는 마음이네요. 말이라도 그렇게 하는거 아닙니다 하루에 50만원이 넘게 나오는데 해준거라고는 별로 없네요... 피곤한거 바쁜거 알지만 병원에서 그리고 응급실에서 그렇게 하는거 아닙니다 배우신 분들이 왜그럴까 그리고 진짜 응급실 전화 다 부셔버리고 싶네요 전화가 있으면 전화를 받던가 장식하려고 가져다 놓은줄 알았네요,0
65e832bd1faa0e766c4d06fc,고려대학교 구로병원,간호사분이 너무 화나 있어 먼 말을 못꺼내 \n검진 예약 전화 받는분은 받자마자 화나셨냐고 질문 하고싶을정도..\n서비스는 너무 깐깐해서 MRI는 입원해서 받아야 실비청구나 할수있는데 절대 안된다하고 다른데는 오히려 알려주던데..잘나가는 병원이라 그런건가....\n의사쌤이야 어느 병원이나 담당따라 복불복 \n몇년전 쌤은 욕나왔는데 이번에 만난쌤은 다행히 친절\n----병원은 간호사도 아니고 의사쌤 보고 가야되요 수술해보고 격하게 느껴요---,0
65e832bd1faa0e766c4d06fd,고려대학교 구로병원,어른이나 아기나 외래나 입원이나 병원구조나 안내해주는거나 다 맘에 안듬,0
65e832bd1faa0e766c4d06fe,고려대학교 구로병원,몸이안좋아서 응급실 방문했는데 수액하나 맞는데 33만원 나왓어요 이대서울병원에서 응급실이용+3일입원했을때 38만원나왔는데 불친절하고 후기도 왜이렇게 안좋은지 알것같음 다신 이용하고싶지않음,0
65e832bd1faa0e766c4d06ff,고려대학교 구로병원,"입원하면 병동 간호사, 의사분들 다 친절함. 하지만 외래진료 볼땐 불친절함. 바쁘고 힘든건 알겠는데 최소한의 친절도 없는 직원을 보면 열받음. 특히 수납에 있는 남자직원 가자마자 인상팍팍쓰고 아무 말도 없이 서류랑 카드 던져주는거 어이 없음.\n몇년 전엔 약 여분이 없어서 병원에 전화해서 물어봤음. 전화업무 하시는 분이 해당 과에 전달해놨으니 방문해서 간호사한테 말하면 된다고 함. 안내 받은 대로 방문해서 간호사한테 상황 설명했는데 간호사가 업무 인계 못 받은건지 환자를 거짓말쟁이 취급함. 병원에 전화하면 통화 녹음 다 되는데? 거짓말을 왜 함? 확인해보지도 않고 듣자마자 거짓말하지 말라고 쏘아붙여서 어이 없던 일도 있음. 외래진료는 정말 별로.",0
65e832bd1faa0e766c4d0700,고려대학교 구로병원,"이때까지 가본 상급병원, 종합병원, 동네의원 다 통틀어서 이 병원이 가장 최악",0
65e832bd1faa0e766c4d0701,고려대학교 구로병원,"여기 리뷰 보니까 여전하네요.. 발이 골절되서 응급실로 들어갔는데 한 시간 넘게 방치시키더니 기껏 의사가 와서 하는 말이 수술 하려면 10일 이상 걸린다면서 진통제 하나 없이 약 처방 하나 없이 응급실 비용과 본인이 말하는 날짜에 오라면서 예약하라는 말만 하고 사라졌습니다..\n\n아무런 조치 없이 집에 가라고 해서 일단 집에는 가야하는데 택시타는 곳까지만이라도 휠체어 빌려달라고 했더니 알아서 가라고 했던 응급실 직원분들도 기억나네요.. 엄마가 오죽하면 휠체어 구매한다는 소리까지 했는데도 안 된다고 했던거 잊을 수가 없네요.. \n\n결국 새벽 3시에 집에 있는 동생 불러서 집에 갈 수 있었습니다..\n\n다음날 다른 병원으로 바로 가서 그 다음날 바로 수술하고 한달 입원, 4개월 깁스하고 이후 일년 후 재수술까지 잘 끝냈습니다\n\n이 병원만 믿었다가 제 발 정말 ♩♩♬ 될 뻔한거 생각하면 … 병원을 어디 선택하느냐에 따라 어떻게 되는지 절실히 알 수 있게 만든 병원이었습니다",0
65e832bd1faa0e766c4d0702,고려대학교 구로병원,주말에 근무하시는분들 노고는 알겠는데 면회객안내에 너무 퉁명스러운 말투 좀 고쳐주셨으면 합니다.저한테는 아니고 면회오신 아주머니께 응박지르듯 하시는게 너무 듣기 거북했읍니다.,0
65e832bd1faa0e766c4d0703,고려대학교 구로병원,여기 병원 가본곳중 최악임. 동네병원만도 못함.\n사람들 삥뜯는것도 최고수준.\n내 다시는 고대병원이란곳 근처도 안걸 예정이고 주변 모든 사람에게 절대 가지 마라고 하고 있다는.. 의사수준도 최악,0
65e832bd1faa0e766c4d0704,고려대학교 구로병원,자가면역뇌염걸린 사람을 신경과 교수인가? 뇌쪽에는 문제 없다고 오진내는 바람에 치료가 상당 기간 지체되었습니다 ㅡㅡ\n\n병명도 못 밝혀내고 그래서 답답해서 고려대 병원 버리고\n\n서울대병원 응급실로 바로 가서 검진받더니\n이거 자가면역뇌염이라고 응급실에서 바로\n검진받고 치료받았습니다\n\n지금은 다행히 완치가 되었지만\n만약 고려대병원에서 시간만 보내다가\n\n진짜 사람 하나 불구될 뻔 했습니다.,0
65e832bd1faa0e766c4d0705,고려대학교 구로병원,아픈 사람에게 어쩌라고 수준의 응대밖에 못해주네요 안타깝습니다 별 한 개!!!!!! 신장내과 고강지 교수님 너무 불친절하세요 인품이 참 말로…,0
65e832bd1faa0e766c4d0706,고려대학교 구로병원,,
65e832bd1faa0e766c4d0707,고려대학교 구로병원,"수술전 검사때문에 자주 왔었는데 저희가 처음이라 잘 모를 수도 있지ㅋㅋ..학생인 제가 봐도 진료데스크에 있는 간호사나 안내직원이나 상담직원들 인성 참 할 말이 없네요;; 음 그나마 소아청소년과에 있는 간호사들은 착하시네요 당연히 손님 응대를 잘 해야 하는 거지만..하...대학병원이라 다른 병원들 보단 좋겠지? 라는 생각으로 왔는데 여기 간호사들은 한숨 쉬는 게 습관인가요?\n사람 기분나쁘게 정말,, 서울ㅇㅅ병원이랑 비교가 되네요 수술할 때 정말 걱정이네요 간호사들이 잘 해주셔야 되는데 여기와서 스트레스만 받고 가네요",0
65e832bd1faa0e766c4d0708,고려대학교 구로병원,소화기내과 박종재교수 이거 아주 꼴통입니다. 환자앉혀놓고 5분을 핸폰하고 있습니다. 진료도 대충대충.,0
65e832bd1faa0e766c4d0709,고려대학교 구로병원,,
65e832bd1faa0e766c4d070a,고려대학교 구로병원,병 고치러 갔다가 스트레스로 생명 단축하는 곳\n동네 의원만도 못한 행정 시스템,0
65e832bd1faa0e766c4d070b,고려대학교 구로병원,접수하고 세시간째 기다리는데 얼마나 더 기다려야하는지 설명조차 없음. \n다른 병원 가시는게 정신 건강에 이롭습니다.\n별은 주기도 아까움\n요즘은 옆에 신관 짓느라 돈이 필요한지 \n검사만 수십가지 \n바가지의 향기가 물씬,0
65e832bd1faa0e766c4d070c,고려대학교 구로병원,"주차장, 엘리베이터 답없음.",0
65e832bd1faa0e766c4d070d,고려대학교 구로병원,여기 경비하는 사럼들은 인성에 문제있어요. 왜저리 신경질적이고 까칠한건지? 도대체 뭐가 항상 불만인건지?? 낮은월급??,0
65e832bd1faa0e766c4d070e,고려대학교 구로병원,병원밥은 좀..,1
65e832bd1faa0e766c4d070f,고려대학교 구로병원,응급실에 계신 남녀두분 예의부터 배워오세요 예의 ㅈㄴ없고 아픈사람 한테 4~5시간동안 기다릴꺼면 기다리라고 말투부터가 ♬♩♪♩였습니다 대기장소도 비닐천막하나에 의자딸랑 있고 장난하는것도 아니고 진짜 아무리 아파도 절대 안갈껍다,0
65e832bd1faa0e766c4d0710,고려대학교 구로병원,응급실 들어가는 건 힘들었지만 의사쌤 간호사쌤 친절하시고 정말 잘 알려주세요,2
65e832bd1faa0e766c4d0711,고려대학교 구로병원,"가 본 대학병원 중에 의료진 조치가 가장 빠르고, 원인도 금방 찾아주고, 다음 단계로 후다닥 넘어가는게 원할하고. 의사들 간 협조가 잘되드라....주변에 큰 병원 많지만... 여기 안왔음. 큰일 날번햿다는 생각 뿐..",2
65e832bd1faa0e766c4d0712,고려대학교 구로병원,개인정보를 대체 어떻게 관리하시는 건지 유출 시점은 4년 전인데 연락은 지금 오네요? 정보는 자기들이 털려 놓고 환자한테 조심하라 하네 개인정보유출 피해자들이 얼마나 나왔는지도 공개하세요,0
65e832bd1faa0e766c4d0713,고려대학교 구로병원,간호사들아 싸가지좀 유치원가서 배워와라\n의사들은 존댓말좀 배우고,0
65e832bd1faa0e766c4d0714,고려대학교 구로병원,,
65e832bd1faa0e766c4d0715,고려대학교 구로병원,여기는 전화를 왜 다들 이상하게 하세요? 상황설명하는 도중에 다들 여긴아니라고부터 나오고 이번호로 안내받아서 전화했다고 말하니까 답변하다가 마지막엔 근데 증상있으면 못들어오실수도 있어요 하는데 누가 몰라?알겠다고 말끊지말고 물어보는거에 대답좀 해달라고,0
65e832bd1faa0e766c4d0716,고려대학교 구로병원,간호사들 친절했음. 의사도 문제파악 잘 하는편이었던걸로 기억함.,2
65e832bd1faa0e766c4d0717,고려대학교 구로병원,,
65e832bd1faa0e766c4d0718,고려대학교 구로병원,입원했는데 매우친절함,2
65e832bd1faa0e766c4d0719,고려대학교 구로병원,좋아요,2
65e832bd1faa0e766c4d071a,고려대학교 구로병원,감기때문에 방문전 PCR검사받고 갔는데 유효기간 48시간인데도\n그건 나라에서 정한거고 병원은 아니라 라며 진료거부 ㅋㅋㅋ\n그람 아예 출입자체를 통제하던가..\n입구에선 출입시켜놓고 진료기다린다고 30분지났는데 그제서야 안된다는건 무엇?,0
65e832bd1faa0e766c4d071b,고려대학교 구로병원,으 극혐이에요ㅠㅠ대기를 무슨 이렇게 길게하게 하는지..대학병원이라고 갑질쩌러효 ㅠㅠ다신오고싶지않네여..,0
65e832bd1faa0e766c4d071c,고려대학교 구로병원,,
65e832bd1faa0e766c4d071d,고려대학교 구로병원,,
65e832bd1faa0e766c4d071e,고려대학교 구로병원,출입부터 꽤나 별로,0
65e832bd1faa0e766c4d071f,고려대학교 구로병원,"왜 점수가 낮을까했지만 그래도 병원가보자해서 갔는데 왜 1점인지 알것같음ㅋㅋ 의사들은 외부검사결과는 그냥 기존에있는 판독지 그대로읽고 끝냄. 왜 대학병원에 진료의뢰서까지갖고오면서 병원 진료를 하는지 이유를 모르는듯 ㅇㅇ \n진료역시 ㄹㅇ 성의없음의 끝판왕임 ㅋㅋ 그런식으로 할거면 그냥 내가 의사자격가지고 진료보는게 더 잘할듯함. 의사자격들만한 일고의 가치도 없는 의료진들. 더이상 이병원은 가려하지도 않을것이며, 원수가 생긴다면 최고로 추천해줄 병원임. 아. 다만 처음방문환자 접수센터는 다들 친절하셨다. 그분들같은 사람들이 의사 의료진이 되어서 일선 진료를 보셔야하는데... 참담하다.",0
65e832bd1faa0e766c4d0720,고려대학교 구로병원,1점도 아깝네요. 예약해서 왔는데 입구에서 못들어가게함 코로나기확진자로 예약시 격리해제확인서랑 전전날 코로나 검사받아서 음성나오면 들어갈수있대서 음성받아서 예약하고 왔는데 입구에서 막음 다시 전화해서. 내부적으로 확인한다고 추운겨울에 밖에서 기다리라고해서 밖에서 30분 넘게 기다렸습니다.생각없는건 기본이고 환자에 배려도 없는 곳 개판입니다.,0
65e832bd1faa0e766c4d0721,고려대학교 구로병원,제대로 된거 하나도 없네.. 쩝 다시는 안온다...,0
65e832bd1faa0e766c4d0722,고려대학교 구로병원,부모님이 내시경을 여기서 하셔서 가끔씩 오는데 내시경센터 접수처에 계시는 분 싸가지가….바쁘신 건 아는데 여기 그냥 대부분 직원들이 다 불친절한 듯 고대구로병원=불친절 인 듯 하네요 집근처 대학병원 오픈하면 다신 안 갑니다,0
65e832bd1faa0e766c4d0723,고려대학교 구로병원,,
65e832bd1faa0e766c4d0724,고려대학교 구로병원,"고대병원에서 수술중  이전  환자로부터 코로나 감염되었는데도, 병원은 나몰라라...\n수술  환자와 다음 수술  환자 사이에 소독은 하고 있나, 이인간들아!  빨리 알려주기라도 해야할거아니야. 다른 사람한테까지도 2차로 감염되었다. 썩을인간들아.",0
65e832bd1faa0e766c4d0725,고려대학교 구로병원,"의사나 간호사는 평범한데 입구에 출입확인하는 사람들, 안내데스크 사람들 싸가지 저세상급임. 정신좀 차리세요. 의료진이야 본업이 따로 있으니까 인성 좀 그래도 그렇다 쳐도 님들은 돈 받고 일하는게 그거면서 뭐 믿고 그러는데?",0
65e832bd1faa0e766c4d0726,고려대학교 구로병원,가까운 대학병원이 이 곳이라는 사실이 원통할뿐,0
65e832bd1faa0e766c4d0727,고려대학교 구로병원,별 하나도 아깝다 서로 소통안되서 환자가 수술했는지 안했는지도 모르고 환자한테 물어보고 접수도 뒤죽박죽 접수여자들 불친절하고 담당교수는 첫날빼고 \n어린주치의가 이랫다저랬다 말뒤집고\n입원하는동안 환자코로나걸리고 감염증관리도 최악이다 대학병원이 이따위라니 동네 작은병원도 이정도까진 아니겠다 실력을떠나 의료서비스 아니 적어도 수십번씩 환자한테 엉뚱한소리나 하지말고 늬들끼리 소통이라도 해라 고대구로병원 절대가지마라,0
65e832bd1faa0e766c4d0728,고려대학교 구로병원,암센타 젊은여성레지들 너무나 불친절하고 사람 목숨을 쉽게생각한다는 느낌을 지울수가 없네요. .,0
65e832bd1faa0e766c4d0729,고려대학교 구로병원,고대병원들..대학병원이라 부르기도..\n독감백신도 유통기한지남 위험한데..\n하물며 문제많은  코로나백신을..쯧쯧쯧,0
65e832bd1faa0e766c4d072a,고려대학교 구로병원,,
65e832bd1faa0e766c4d072b,고려대학교 구로병원,백신 관리 문제 이전부터 별점 평점이 1점대네요... 고생 많으신 줄 알지만 잘 하시기를...,0
65e832bd1faa0e766c4d072c,고려대학교 구로병원,유통기한 지난 백신 접종한 자체도 큰 문젠데 한두명도 아니고 100명이 넘는 사람한테;; 명색이 고려대학교 이름 달고 있는 대학병원이라는 곳이 참 잘하는 짓입니다 ㅉㅉ,0
65e832bd1faa0e766c4d072d,고려대학교 구로병원,"진료는 자체는 보통이었는데 침대나 기타 검사도구, 의료도구가 하나도 소독이 안되어 있음.\n닿은 곳 딱 그 자국대로 접촉성 피부염 생겨서 2주를 고생함 ㅡㅡ\n의대 갓졸업한, 학생티 풀풀나는 애들이 검사실에 있는데 전원 다 이 시국에 소독개념 자체가 없었다. 화장품 덕지덕지 묻은 걸 환자한테 씌우질 않나, 침대는 언제 갈았는지 베개고 침대고 다 지저분해서 닿은 곳이랑 목뒤에 여드름이 네다섯개나 생겨서 2주동안 고생했다. 병원 다녀와서 다음날에 여드름이 그 자국 대로 다다닥 생겼음.\n목에 전혀 안생기는 체질인데 처음에는 뭐 다른 이유인가 했는데 딱 침대에 닿은데만 생김. 침대보 한 한달에 한번 갈기나 할까? 병원인데 왜이리 더럽냐 진짜ㅡㅡ 원래 아산 다니다가 사람 많아서 여기 다니는데 진짜 이번만 가고 안가고 싶다. 동네가 동네라 그런지 환자들도 기본 매너들이 없어서 거리지키기도 전혀 안하고 돗대기 시장같음. 쌈마이 병원\n그리고 제일 불만인 점.\n진료나 검사할때 환자를 모르모트로 써먹음. 누가봐도 대학 갓졸업한 인턴옆에 30대 의사가 붙어서 나 가운데다 놓고 하나하나 가르치면서 나한테 검사 키트 부착하는데 10분이면 끝날거 30분은 걸림. 견습생 견습의가 실습이 있어야 미래의 의학에 도움되는 건 알겠으나 타 병원에서 전혀 경험하지 못한 거라 나오면서도 뭐 이런데가 다 있나 싶었음.\n진단 검사길래 이정도로 끝났지 만약에 중병으로 방문했으면 어땠을까?\n다신 안갑니다",0
65e832be1faa0e766c4d072e,고려대학교 구로병원,완전 별로에요 \n여기에서 죽을뻔 했다가\n병원 다른곳으로 옮겨서\n살았어요~,0
65e832be1faa0e766c4d072f,고려대학교 구로병원,일부병동 일부 간호사 제외하곤 대부분 친절함.\n다른것보다 대기시간 긴것은 개선 좀 했으면...,0
65e832be1faa0e766c4d0730,고려대학교 구로병원,절대 가지마세요 서비스 실력 다 별로입니다,0
65e832be1faa0e766c4d0731,고려대학교 구로병원,가까운 대학병원이라 어쩔수없이 가지만 불친절 불친절 이말밖에 안나옴,0
65e832be1faa0e766c4d0732,고려대학교 구로병원,진짜 마이너스는 없나요?? 담요달라는 말만 10번넘게했는데 안갖다주고 말투도 ㅈㄴ 불친절 ;;; 앰뷸런스타고 온거라 어쩔수없이 여기왔는데 제발 두번다신 오고싶지않네요ㅡㅡ,0
65e832be1faa0e766c4d0733,고려대학교 구로병원,마이나스는 없나요?\n할수없이 별한개준ㅠ\n여기가느니 차라리 동네돌팔이 한테 가면 억울하기라도 덜하지ㅉㅉ\n정말이지\n병원이름에 고대란 이름 붙이지마라~!!,0
65e832be1faa0e766c4d0734,고려대학교 구로병원,저희 아버지 여기서 뇌종양 수술하셨습니다.\n교수가 수술한대놓고 그 아래 조수가 수술함.\n수술 끝나고 교수 어디갔냐 했더니 뒷문으로 나갔다 함.. 머리 여는 큰 수술이 끝났는데 교수 얼굴 못 봄. 더디지만 회복하실 줄 알았는데 머리 여는 위험한 수술을 한번 더 해야한다 그러고 수술부위 염증도 제대로 잡지 못 하고 또 수술해야 할 것 같은 불안한 마음에 병원 옮김. 아버지 잔병치례 없으시고 건강한 편. 옮긴 병원에서 아버지 종양을 반만 잘라냈다며 의아해함.. 해당 병원에서는 머리 여는건 상당히 위험하며 다른 치료로 최대한 줄여보자 했고 하지만 결국 줄지 않아 한번더 수술 하셨습니다. 첫 수술을 여기서 하지 않았다면 수술을 두번해야할 일은 없었을 것 같아요. 건강한 사람이라 여러번 해도 괜찮을것 같으니 돈 받아먹으려고 그런 짓 한게 아닐까 생각드니 너무 화가 나고 교수가 수술 안 한 것에 대해 소송까지 생각했지만.. 구두로 얘기했던 내용이기도 하고 다른 비용을 고려해 지나간 일은 덮고 아버지 치료에 전념하기로 했습니다. 그러나 다른 분들이 여기서 큰 수술은 안 하셨으면 좋겠어요...,0
65e832be1faa0e766c4d0735,고려대학교 구로병원,대체 어떻게 이딴 병원이 3차병원 된건지 의문스러움\n삼성병원은 간호사들한테도 서비스교육 시켜서 환자들을 어떻게 만족시킬지 노력하고 고민하는데\n이 병원은 그런거 없이 어떻게 환자 기분을 상하게 할지를 고민하나봄\n다른 3차병원들은 이 병원이랑 같은 3차병원인게 쪽팔릴듯,0
65e832be1faa0e766c4d0736,고려대학교 구로병원,"3층정신간호사접일업무일교육좀,시키세요! 뇌경색환자가문제지를답만체를했어요.심리검사를OMR마킹을못해서,접수받는간호사가 임의대로꼭!답체크를해야된다고합니다.홈페이지가 심혈관전문?기재를 놓고,직원을교육을안시키고,큰문제입니다.혹시, 그뇬이 오리발을하면,CCTV롤확인해보요.!\n서비스완전,꽝!!!입니다.참고로,뇌경색전문병원이면,대림명지병원을가세요.재활치료가 휠씬,가르칩니다.",0
65e832be1faa0e766c4d0737,고려대학교 구로병원,이런병원이 어떻게 대학병원이냐?\n\n시스템개판에  환자 대하길 막다하고... 외래환자인지 입원환자인지도 모르고 진료하고 무작정기다리라고 ..그러니 연대 세브란스에 비교대상이 아닌거다...의료서비스 똑바로해!,0
65e832be1faa0e766c4d0738,고려대학교 구로병원,,
65e832be1faa0e766c4d0739,고려대학교 구로병원,"환자를 대상으로 장사를 하는 대학병원이 있는데 환자의 질병과 처방 내역을 살펴보니 고려대학교병원도 그렇네요. 재단에서 환자에게 사기치라고 하는 건지, 의사도 문제지만 병원 자체가 그런 대학병원들이 있습니다. 어쩐지 고대 의대 나온 의사들이 하는 개인병원도 비슷한데, 학교에서 장사 방식을 배워서 개원의로 그대로 하는 것 같네요.",0
65e832be1faa0e766c4d073a,고려대학교 구로병원,1점도 아까운병원 절대 가지말아야 할병원 특이 신경외과 정규하 절대 진료 보지마세요,0
65e832be1faa0e766c4d073b,고려대학교 구로병원,,
65e832be1faa0e766c4d073c,고려대학교 구로병원,병원 이용이 이렇게 불편하고 조잡스러운 병원은 첨 봄.,0
65e832be1faa0e766c4d073d,고려대학교 구로병원,여기 정형외과 조재ㅇ 수술받은 피해자들이 엄청 많습니다.. 꼭 피해야 함,0
65e832be1faa0e766c4d073e,고려대학교 구로병원,,
65e832be1faa0e766c4d073f,고려대학교 구로병원,1점도 아깝고 간호사는 개불친절\n검사도 빼놓고해서 몇번을 다시왔다갔다하는지\n간호사는 검사도 빼놓고 설명해서 당일날 와서 1시간 대기하게 하질 않나 컴플레인했더니 그러냐고 무성의한 반응 의사는 스케쥴 변경이라고 검사 날짜 다시 잡고 \n만족도 평가는 왜 안하는지 말안해도 알겠다\n검진한번 잘못받아서 시간이랑 돈을 얼마나 뜯기는지 다신 안온다 고대 구로,0
65e832be1faa0e766c4d0740,고려대학교 구로병원,괜찮은 의사들도 있긴함. 근데 정형외과 레지던트 기본이 안되었음. 실력도 인성도 않됨. 교통사고는 진단서가 중요한걸 알텐데 질병코드고 진단명이고 엉망으로 작성해놓고 따지려니 도망가듯 오후 휴가내버림. 교수들은 이런애들한테 환자 맡기고 학회나 다니면서 뭐하는지 모르겠음,0
65e832be1faa0e766c4d0741,고려대학교 구로병원,제발 여기 병원은 피하세요!.. 환자를 돈으로 봅니다..,0
65e832be1faa0e766c4d0742,고려대학교 구로병원,25일 저희 아버지 감담췌 에서 돌이 있다고 해서 시술하고 돌 빼내고 쓸게도 돌이 있다고 해서 수술해서 쓸게 잘라내고 26일 퇴원을 하셔도 된다고 했는데 또다시 돌이 있다며 내시경으로 한다고 하네요 한번에 안하고 또 위 내시경우로 한다고 하네요 수술비도 더 많이 나오고 아버지는 너무 힘들다고 아프다고 하시고 죽어도 병원에 안 가신다고 하더라구요.\n그리고 아버지께서 보청기를 잘 사용하고 있었습니다. 그런데 보청기가 없어서 찾아 보았지만 어디로 사라 졌는지 없어 습니다.참고로 아버지 병원 밖으로 나간적이 없습니다.\n병원비도 2백10만원에서 3백10만원 으로 더 나오고 아버지 보청기 100원 하는데 없어지고\n어디에다 하소연 하고 보상 받을수가 있나요?,0
65e832be1faa0e766c4d0743,고려대학교 구로병원,의사들 인성이... 실력도... 할말하않,0
65e832be1faa0e766c4d0744,고려대학교 구로병원,"엉망이다. 치과병동너 액스레이 찍고오라고해서 찍고 갔더니 앉아서 기다리란다. 기다렸는데 .. 세상에  퇴근을 하고있더라,1시간을 넘게 기다린거같다. 그날 액스레이 만 두번찍고 기다리는시간이3시간이다. 열받네 ㅡㅡ",0
65e832be1faa0e766c4d0745,고려대학교 구로병원,"1.내분비내과 ㄴ 교수\n명색이 교수라면서 환자 그렇게 개무시 해도 됩니까?\n우리 엄마가 사시가 약간 있는데 보통은 눈이 불편하신가요? 라고 해야 되는거 아닌가요?\n눈은 왜 그러세요(피식) ??\n일부러 여자 교수님으로 해서 갔는데 젤 막내급이신데도 많이 건방지시네요?\n다른과 연세 꽤 있으신 교수님도 조심스럽게 눈이 혹시 불편하세요? 그러시던데\n\n2. 안과에 급히 진료보느라 교수 아니고 일반의한테 진료 봤는데 이마 딱 못 댄다고 뒤에서 뒷통수를 확 찍듯이 밀어버리더라구요?\n접수 가서 물어보니 레지던트 라고 하는데...\n레지던트가 그 정도이면 다 보고 배워서 저럴텐데...\n글고 그 ㅊ 일반의, 결석 떼면서 이렇게 아프게 쿡쿡 쑤시면서 환자 탓 하는 의사 첨 봤네요.\n본인 실력 탓을 해야지, 내가 안과 오래 다녔는데 이렇게 무지막지하게 찌르는 의사 첨 봤네요",0
65e832be1faa0e766c4d0746,고려대학교 구로병원,쓰레기  안내데스크 제일 친절함,1
65e832be1faa0e766c4d0747,고려대학교 구로병원,,
65e832be1faa0e766c4d0748,고려대학교 구로병원,김우주 감염내과 교수님 먼저 접종해서 검증하면 될일인것 같은데요! 실험용 쥐처럼,0
65e832be1faa0e766c4d0749,고려대학교 구로병원,"교수가 의료기 장사도 하는 재미있는 병원. 실력없는 레지던트가 많은 병원. 간호사들은 절반은 친절하고 실력있으나, 오더리급의 무능라거나(레지던트) 환자빼먹을 고민하는 교수들 사이에서 눈치만 보는 시스템 구조. 거기에 그냥 기계처럼 일하는 간호사와 스탭이 절반. 환자는 일을 하기위한 공구가 되는 느낌. \n\n깔끔한 시설. 넓은 공간은 장점... 특히 정형외과는 되도록 기피하길 바람. \n\n이대병원은 돌팔이고, 여기는 무능하니... 여의도 성신이나 중앙대흑석병웡을 고려하게 된다.",0
65e832be1faa0e766c4d074a,고려대학교 구로병원,응급상황에서 헬기나 구급차로 오지 않는 이상 자차로 응급실 오다간 골든타임 다 놓칠듯..: 월요일 오전인데 무려..사거리에서 30분 걸림. 서남부 권력응급의료센터인데 대책 있어야 하는 거 아닐까..,1
65e832be1faa0e766c4d074b,고려대학교 구로병원,일단.. 굉장히 불친절함\n접수처 직원의 일반적인 특징:\n1. 제말 못들으셨어요? 저쪽으로 가시라구요\n2. 저기 안보이세요? 저쪽으로 가시라구요\n3. 혈압 측정하셨어요? 저쪽으로 가시라구요\n4. 저쪽으로 가시라구요,0
65e832be1faa0e766c4d074c,고려대학교 구로병원,,
65e832be1faa0e766c4d074d,고려대학교 구로병원,병원. 원무과. 통화. 힘들어\n전화 받지않음,0
65e832be1faa0e766c4d074e,고려대학교 구로병원,날짜받고 휴가내고 수술받으러 갔는데 입원은 시켜놓고 약속한 날짜에 수술 못받고 결국 다른 병원가서 수술받음 입원비 고스란히 내고 나옴,0
65e832be1faa0e766c4d074f,고려대학교 구로병원,어머니가 아프셔서 급한 마음에 가까운 대학병원이라  몇 번 다녀왔지만 비싸고 서비스는 별루다. \n의료진 수준도 글세...,0
65e832be1faa0e766c4d0750,고려대학교 구로병원,몇 년전 아버지가 구토를 여러번 하시고 힘이 없으셔서 응급실에 갔는데 한 의료진이 와서 눈을 확인하고 난 후 설명도 없이 머리를 이리저리 여러번 왼쪽 오른쪽으로 흔들시는데.....참~~~~\n응급실이야 바쁜건 알겠지만 다짜고짜 설명없이 몇 십분 간격으로 와서 힘이 빠지고 어지러운 아버지를 자꾸 머리를 돌리시니 보는 내내 가슴이 먹먹해 지더라구요\n그러던 중 돌리는 과정에서 침대에 머리를 살짝 부딪혀구요ㅜㅜ 그럼 죄송하다는 사과라도 해야되는 것 아닌가요..... 당신의 아버지여도 이리 대했을까.....,0
65e832be1faa0e766c4d0751,고려대학교 구로병원,"코로나의장기화로\n다들힘든데,\n직원들이모두열심히하는모습이\n보기좋습니다.",2
65e832be1faa0e766c4d0752,고려대학교 구로병원,환자가 많고 바쁘지만 최선을 다해 봐주시는 병원. 최고입니다!,2
65e832be1faa0e766c4d0753,고려대학교 구로병원,장기적인 코로나로 힘든 상황인데도 직원들이 맏은바 업무를 다하는 모습이 보기 좋네요~ 철저하게 하느라 병원 입구 들어가는데 시간이 걸리지만 그만큼 병원안에 있는 환자들을 위한거니 저는 오히려 안심이 됐어요~ 저희 이모가 안과 신경과 진료 보는데 모시고 왔는데 교수님이 유명해서 그런지 환자가 많아요~,2
65e832be1faa0e766c4d0754,고려대학교 구로병원,병원 환경이 좋네요. 의료진도 친절하고. 감염내과가 유명하니 코로나 환자가 발생하지 않나봐요~~,2
65e832be1faa0e766c4d0755,고려대학교 구로병원,,
65e832be1faa0e766c4d0756,고려대학교 구로병원,bệnh viên lớn ( sạch sẽ),1
65e832be1faa0e766c4d0757,고려대학교 구로병원,"이틀전에 미리 진단서 예약해놓고 당일날 회사휴가내고 왔더니, 예약된진단서 없다고 다음주에 오든가 2시간 기다리라고???",0
65e832be1faa0e766c4d0758,고려대학교 구로병원,내과 의사들아 아직 사직서 안냈냐? 병원에 내야지 책상 서랍에 낸거아녀? ㅋㅋㅋㅋ,0
65e832be1faa0e766c4d0759,고려대학교 구로병원,여기 맞나요?\n시전은 하였으나 \n시전은 되지않았다!,0
65e832be1faa0e766c4d075a,고려대학교 구로병원,피부과 별로 에요,0
65e832be1faa0e766c4d075b,고려대학교 구로병원,"1. 나이든 경력 많은 믿을만한 교수가 없음. 그래서 제대로된 처방 및 병명 알기가 어려움. 병명이 뭔지 모르겠으니 일단 입원하고 검사, 스테로이드 맞아야된다고함. 병명을 모르는데 입원을 왜 해...?\n2. 많은 젊은 교수들이 여기서 경력쌓고 다른 곳으로 이직함. 유명하다고함\n3. 근처에 남구로역이 있어서 조선족 중국인 엄청 많음. 그리고 나이든 분들이 많이 오는 병원. 젊은 사람들은 안감\n\n이대목동병원은 제대로 진료못하는 똘아이들이 많은 집단이고\n고대구로병원은 제대로 진료'안'하는 환자 등골빼먹는 교수가 많은 집단임\n\n젊은 분들 검색 좀 해보고 절대 가지맙시다.\n다른 대학병원 많잖아요?\n차라리 갈거면 고대안암병원을 가세요.\n\n1년넘게 안과.신경과.내분비과 다녀보고 ct.근전도.혈검 해보고 적는 리뷰입니다. (거의 한달에 한번꼴로 외래진료)\n\n저는 이제 cd자료 갖고 다른 병원갑니다. 다들 병원바꾸고 건강찾으세요~",0
65e832be1faa0e766c4d075c,고려대학교 구로병원,간호사 매우 불친절 다리부러진 할머니한테\n억지로 신발신기고 아파하는데도 빨리 병실 \n옮겨야 한다며 막무가내로  옮기고 서비스 최악\n여기서 큰수술이었는데 다른병원으로 옮겨서 부분 수술했음 큰데라고 다 좋은 건 아닌듯,0
65e832be1faa0e766c4d075d,고려대학교 구로병원,"지푸라기라도 잡는심정으로 내원했는데 말귀를 못알아듣는다는식으로 이야기함...\n불편해서 불편하다고 하는데 사람이 그렇게 허술하게 만들어지지 않다고 답변....\n결국 다른병원가니까 상태안좋다는 진단 받음......치료 시기 놓쳐서 치료가 잘 될지 모르겠다고 함.... \n이비인후과쪽임.....\n너무 서럽고 화남......... \n그러지마요 환자들은 고대라는 타이틀 , 대학병원이라는 타이틀 믿고 가는건데\n다 친절하라고 말 안해요 진료 잘 받으려고 비싼 돈 내고 가려는거잖아요......\n진짜 별 하나도 아까워요....",0
65e832be1faa0e766c4d075e,고려대학교 구로병원,답이없네요... \n그래도 친절하신 몇몇분 덕분에 진료 잘 받았습다.,1
65e832be1faa0e766c4d075f,고려대학교 구로병원,마음에 안들었던 것도 참 많았지만 어쨌든 와이프를 살려줘서 고마운 병원,1
65e832be1faa0e766c4d0760,고려대학교 구로병원,응급실 이용했습니다\n저는 의사분들 간호사분들 다 잘해주시고 친절하셨는데 응급실 살찌고 파마한 여자 간호사분?은\n다른 간호사분들보다 직급이 높으신것 같은데 보호자분들이 뭘 잘못했나요? 직원분들한테는 웃으면서 친절하게 하시면서 왜 보호자들한테는 시비조로 말씀을 하시는지 모르겠네요......\n저한테만이 아니라 다른분들한테도......\n기분나쁘게한 사람들이 있었다하더라도 저희가 한건 아니잖아요\n환자나 배우자한테 상처받고 힘들었을거라 생각되지만\n아무 감정없던 저같은 사람들한테까지도 애써 나쁜 이미지를 품게 만드실 필요 없잖아요\n각박하고 힘든시기에 서로 기분 안나쁘게 노력했으면 합니다.,1
65e832be1faa0e766c4d0761,고려대학교 구로병원,,
65e832be1faa0e766c4d0762,고려대학교 구로병원,저희 어머니가 아프셔서 입원을 하셨는데 소변검사를 받으셔야 하셔서 소변을 받고 병실에 있으셨습니다. 그러다 좀 이따 간호사 한분이 들어오셔서 “다리가 불편한거세요?”라는 말로 비꼬는 식으로 왜 안가져다 주는거냐는 식으로 말을 했습니다. 처음부터 소변받으시면 가져다 주라는 말도 없이 이런식으로 아프신 분한테 말을 하니 기분이 좋지 않았습니다. “검사를 빨리 해야하기때문에 바로 가져다 주셔야해요”이렇게 말해도 될것을 다리가 불편하세요? 라니.. 기분이 좋지 않네요.. 게다가 병실밖에서는 간호사 분들이 박수치고 웃고 떠들고 소란스럽네요... 정말 실망했습니다..,0
65e832be1faa0e766c4d0763,고려대학교 구로병원,문의할 거 있어서 했더니 다 자기네 관할이 아니라 하는 병원,0
65e832be1faa0e766c4d0764,고려대학교 구로병원,우르롹끼님 리뷰에 단 하나의 틀림 없이 동의하며\n진료비가 비싼 이유를 모르겠는 곳,0
65e832be1faa0e766c4d0765,고려대학교 구로병원,없던 병도 생길 고대병원.\n환자에 매우 불친절하고 입원 시설 낡고 구림.\n고대병원 네임밸류만 믿고 제대로 된 매뉴얼 안내 하나도 없이 주먹구구식 운영인 느낌.,0
65e832be1faa0e766c4d0766,고려대학교 구로병원,"지하식당 짤라집인가 뭔가 진짜 짤라버리고싶네.\n전화통화하면서 요리하더니 결국 국에 머리카락이 떠서 나오고,\n바꿔준 국은 무슨 맹탕에 양념풀다만것 같은...\n이걸 8천원이나 받아먹고있다니 어이가 없다",0
65e832be1faa0e766c4d0767,고려대학교 구로병원,소화기내과에서 잦은 소화불량으로 진료보았어요\n병원 전전했는데\n처방해주신약 먹고 괜찮아졌어요\n근데 사람이 너무 많고 예약잡기힘들기도하고별한개뺐어요..,2
65e832be1faa0e766c4d0768,고려대학교 구로병원,아... 2주전 예약하고 병원갔는데 동네병원다녀온 초음파사진보고 2시간 기다리다 다른날 다시오라고 다시 예약잡는 이런 병원이 병원인가요?? 정말 저번에도이러더니 병원갑질인가여 이게... 정말 누구하나 제대로된 설명이 없네요 상담원마져도...,0
65e832be1faa0e766c4d0769,고려대학교 구로병원,응급실 방문한거 보험사 제출용 진단번호 알려달라니 진단서  수만원 내고 끊어야 된다고 함.\n근데 알고보니 의료법 21조 상 초진기록지를 떼서 줄 수 있는데 돈 받아쳐먹을라고 안알려줌,0
65e832be1faa0e766c4d076a,고려대학교 구로병원,최악중의 악 중의 악인 병원\n특히 정형외과 \n환자가 자신의 증상에 대해 이야기\n하는것 자체를 싫어하고\n계속 비웃고 공격적으로 말하기\n대놓고 무시하기등 \n이해할 수없는 행동만반복\n환자의 알권리는 조금도 관심없다,0
65e832be1faa0e766c4d076b,고려대학교 구로병원,"9월 22일 새벽에 너무 크게 다쳐서 응급실 왔고. 삼십만원이 넘는 돈을 중간에 수납해가면서 ct.mri 를 찍음. \n찍고 아픈 몸 이끌고 30분을 넘어 한시간 다되게 기다렸는데 아무 연락이 없길래 담당 의사한테 얼마나 기다려야되는지 여쭤보니까 눈 올려뜨면서 ""몰라요"" 라는 대답.\n아니 제가 삼십분을 넘게 기다렸고 얼마나 기다려야되는지, 뭘 하고 계신건지는 말해줘야 되는거 아니냐고 물어보니 ""저도 잘 모른다구요. 기다리시라구요."" 라며 화를 냄. 뭐 하고 계신거냐고 물어보니 ""당신 영상 찍은거 보고있잖아요 라며 끝까지 눈 올려뜨며 짜증냄.\n내가 아파서 돈내고 진료보면서 짜증까지 들어야되나 생각도 들고 화가 남.\n아무리 화가 난다고 해도 그렇지 환자한테 짜증내는 의사는 처음 봄.\n담당 의사 이름은 조승ㅈ 의사 입니다.\n담당의사 변경 되냐고 물어보니 되지도 않고. 그냥 큰 돈 내고 진료보는 저만 호구 됐네요..\n새벽에 응급실 오시는 분 처음부터 담당 의사 저분 받으시면 미리 바꿔달라고 말씀하시고 친절한 의사에게 진료 받으세요...\n폭행당한 뒤 밤새고 큰돈내고 진료 받는데 화나서 써봅니다.",0
65e832be1faa0e766c4d076c,고려대학교 구로병원,굿,2
65e832be1faa0e766c4d076d,고려대학교 구로병원,응급실 핵노답\n\n열이 펄펄 끊는데 항생제는 처방도 안해주고 소위 말하는 신데렐라 주사만 준 곳\n\n비보험 주사는 환자한테 물어 봐야하는데 물어보지도 않고 마음대로 처방해서 보험처리도 안되서 돈 엄청 냄\n\n항생제는 주지도 않으면서 자양강장제는 왜 처방해주는지 모르겠음\n\n결국 병 악화되서 다른 병원가서 스테로이드에 마약성 약품까지 먹음\n\n다시 생각해도 짜증,0
65e832be1faa0e766c4d076e,고려대학교 구로병원,절대가지마라 ○○○ 급해도 다른응급실가라\n어차피 대처도 안해주고 그냥 개판이다,0
65e832be1faa0e766c4d076f,고려대학교 구로병원,응급실 진짜 최악 인턴들 과 레지가 응급환자 보는 상황 노답..,0
65e832be1faa0e766c4d0770,고려대학교 구로병원,과잉진료로 사회초년생 등쳐먹는 곳. 의심가는 질환 재발했는지 검사 좀 해달라고 갔더니 온갖 쓸데없는 잡다한 검사 다 해놓고 돈 내놓으라고 함. 의료인이 아니고 장사꾼들. 멀쩡하게 걸어다니는 사람 괜히 눕혀서 수액 한 시간 맞춰놓고 수액값 10만원 추가 내놓으라고 함.,0
65e832be1faa0e766c4d0771,고려대학교 구로병원,"간호사 선생님들은 친절하나, 의사들 태도 노답. 환자 케어하는 모습하나도 보이지 않고 마치 ars처럼 진행. 적극적으로 환자의 상태를 알아보려하지 않고 환자가 주절주절 다 말해주기를 기다림. 말해도 별 관심없어보이고, 자기 주관대로만 밀고나감. 동네 이비인후과가 훨씬 나아요 ^^",0
65e832be1faa0e766c4d0772,고려대학교 구로병원,,
65e832be1faa0e766c4d0773,고려대학교 구로병원,"최고긴개뿔\n수술날짜 예약후  교수학회일정?으로 취소전화옴\n다시예약잡아준대서  날짜 한달후로 예약 \n수술 3일전 또교수 학회일정 갑자기 잡혀서 수술또취소 또 다시 예약잡아준다고함 그래서 이번에 예약하면 확실히 수술하냐 물으니  교수 또 일있으면 또 못하는거라고 ㅋㅋ 어이없어서 \n 대학병원이라 갑질은 밥먹듯이 \n니네 교수들학회 가는거 이해 하는데 미리 일정 잡고 하는거아니냐??  그런거 스케쥴다 미리 잡고하잔아~~\n다른일도아니고 수술인데 지맘대로 취소하고 다른일정가다니 환자는 아프거나 말거나 , 가족들모두 그스케쥴에 맞춰서 휴무연차 다써놨는데 이렇게 여러번  장난치네.\n한번도아니고 취소하면서 아무런 미안함도없고 대학병원 이용할려면  닥치고 가다리라는건가?\n\n이런 갑질은 어디 신고할데도 없겠지??\n그래 내가 참고 다른데 알아볼게.",0
65e832be1faa0e766c4d0774,고려대학교 구로병원,"동네병원에서 진료의뢰서 써줘서 여기로 오게 됐는데, 돈은 돈대로 들고 기다리기는 세월어 네월아합니다. 그렇다고 의료체계가 체계적이지도 못함니다. 또 불필요한것 같아보이는 검사비하고 약값들이 너무 비싸요.. 나중에 알고보니 더 싸고 하루만에 수술되는 병원도 있더군요. 여기서 수술 못하면 죽겠다 그런거 아니면 우선 다른 병원부터 찾아보세요.. 시간은 시간대로 돈은 돈대로 갖다 받치는 호구됩니다. 대학병원이니까 그럴 수도 있다고 하기에는 심한거 같아요",0
65e832be1faa0e766c4d0775,고려대학교 구로병원,오랜동안 낙후된 지역에서 지역의료발전에 기여했으나 현재 여러가지 부족하지만 계속 개선되고 발전된  의료시스템이 공급되기를 희망합니다,1
65e832be1faa0e766c4d0776,고려대학교 구로병원,0점안되나요?\n오후6시부터 아들이 배가 아팠다가 안아팠다가 해서 저녁먹이고 또아프다길래 자주가는 성애병원 응급실을 갔더니 엑스레이만 있어서 초음파까지 검사할수도 없기때문에 대학병원을 가라고해서 고대병원 응급실을 가게되었어요.\n하지만 엑스레이만 찍고 별이상이 없어보인다면서 약을 처방해주네요. 아이는 배가아프다고해서 제가 아이가 계속아픈데 집에가서 또아프면 내일 다시오라는말씀이신가요? 물어보니 그렇다고하네요. 돈은 십만원을 받네요. 아내는 그래도 의사말이니 그렇게하자고해서 그렇게했어요.\n자고 아침에보니 또 배가아프다고해서 아침도 안먹고 바로 성애병원을 갔더니 증상얘기를 듣고 엑스레이 보고싶으셔서 다시찍어보자고해서 찍었어요. 찍고 보시더니 장에 음식물로 가득차고 가스도 많이차있을꺼라면서 관장을 하고 약을 처방받았어요. \n같은 엑스레이를 보더라도 확실히 다르더라구요. 돈십만원으로 병원을 제대로 거를수 있게됐어요.\n고대병원 응급실 가지마세요.,0
65e832be1faa0e766c4d0777,고려대학교 구로병원,이것이 병원이다. 절망편,0
65e832be1faa0e766c4d0778,고려대학교 구로병원,"전립선 검사만 40만원 불러제껴서 돌아버리는 줄 알았음. 알아보니 20만원대로도 가능한 곳 많은데, 그밖에 전체적인 느낌이... 소위 <지역 노인들 돈빨아 먹는> 대형병원 같음. 고려대병원에 대한 인식이 확 잡쳤음.",0
65e832be1faa0e766c4d0779,고려대학교 구로병원,"마이너스 별은 없나요? 맘같아선 마이너스 5개 하고싶습니다. 토요일 아침에 극심한 잇몸염증 치통으로 응급실을 갔는데 가기전에 전화로 치과당직선생님이 계신지, 계시다면 직접 만나뵐수있는지를 확인하고 갔는데요. 막상가니 응급실 당직 선생님만 만날수있었습니다. \n\n그리고 진료 2분? (입벌려보라고하고 입안 보심) 이정도면 그냥 가도된다는식으로, 진통제만 처방해주시더라고요. \n(여기서 볼거없다며 그냥 치과가라고하셨음)\n\n진료비는 2분보고 9만원이 넘게 나왔고요. \n그날 아침 집근처 치과 오픈하자마자 바로가서 진료보니 \n잇몸염증이 심하다고 바로 째야된다고해서 바로 쨌습니다..\n잇몸염증이 심해서 입이 다물어지지 않을정도로 잇몸이 부어있던 상태였는데 여기선 치과 담당 선생님도 만날수 없었고(유선으로 물어볼때는 만날수있다함) 진통제만 주고 가라더군요...\n\n그리고 돌아오는 월요일날 보험제출용 진단서를 떼러가니(5시 35분 도착) 오전9시부터 오후5시반까지만 가능하다고 하더라구요. \n점심시간에 나오지못하는 직장인은 어떻게해야되냐니까 그건 자기네가 모르는 일이라며.. 응급실 데스크 여자직원분 심하게 기분이 안좋아보이시더라고요. 앞에 환자분들한테도 심히 퉁명스러우시고... 몸과 마음이 아픈 환자들을\n대하는 병원에서 좀더 유한분이 계셨으면 하는 아쉬움이 가득합니다..  이 병원 다신 안가고싶네요.",0
65e832be1faa0e766c4d077a,고려대학교 구로병원,응급실 정형외과 간센터 심혈관 건강검진센터 다 가봤는데 불친절이 컨셉입니다 아 건강검진 데스크만 친절\n\n정형외과에선 이런걸로 왜 왔냐는 식으로 말하는게 최고\n\n건강검진에서 엄청난 이상있다는 식으로 써뇌서 진료 꼭 받아라 써놔서 진료 받았더니 정상인데 왜 왔냐는 식으로 대함 장난치나,0
65e832be1faa0e766c4d077b,고려대학교 구로병원,알러지반응 심해서 갔는데 긴박한 응급실에서도 계속 여러사람이와서 물어봐주고 3시간만에 회복하고 나왔습니다\n너무너무너무 다들 고생하십니다!\n고려대 구로 병원 선생님들 최고이십니다!!!!,2
65e832be1faa0e766c4d077c,고려대학교 구로병원,,
65e832be1faa0e766c4d077d,고려대학교 구로병원,의료진도 괜찮고 대부분 친절함.,2
65e832be1faa0e766c4d077e,고려대학교 구로병원,,
65e832da1faa0e766c4d077f,소중한메디케어,내시경 상당히 불친절\n검진에 내시경을 빼든지 지들이 패키지에 집어넣고 사람많이 기다리는게 내 잘못?\n후기 남겼는데 삭제되서 다시 올림,0
65e832da1faa0e766c4d0780,소중한메디케어,,
65e832da1faa0e766c4d0781,소중한메디케어,"환경의학과였던가? 한림대 명판 걸려있던데. 피검사 했고, 밖에 간호사가 안내해줄거다 한마디 할거면 왜 의사가운 입고 그자리에 앉아있는거유?",0
65e832da1faa0e766c4d0782,소중한메디케어,여기 기본3시간임 오지마셈,0
65e832da1faa0e766c4d0783,소중한메디케어,검진시간이 1이면 대기시간 100. 가능한 인원만 받던지..   시간은 돈인데 고객  돈을 왜 갉아먹나요?\n회사 담당자한테 강하게 의견제시해서 반드시 익년도에는 검진기관에세 제외되도록 하겠습니다,0
65e832da1faa0e766c4d0784,소중한메디케어,예약 시간 잡아서 방문 해도 시간대로 안 해줄꺼면 뭣하러\n예약 시간 잡습니까,0
65e832da1faa0e766c4d0785,소중한메디케어,안내하는 분들은 친절하신데.. 오래걸리고.. 내시경 보조들 🐶ㅆ가지없음 검진자들 많이 와서 힘들겠지만.. 자세를 이렇게 해라 저렇게 해라 개짜증냄 3년째 갔는데 옮길예정 그리고 일정 문의차 전화하면 절대 안 받음,0
65e832da1faa0e766c4d0786,소중한메디케어,"6/13일 오전 8시 방문\n1. 이미 사람이 많습니다. 접수할 때까지 40-50분이 걸렸고 순번은 90번이었습니다. 뒤에도 많은 사람들이 접수를 위해 대기하고 있었습니다. 접수인원이 부족해보였습니다.\n2. 채혈, xray, 키, 시력 등 기본 검사는 비교적 빠르게 진행되지만 구강과 위/대장 내시경에서 정체가 심합니다.  구강은 20분 정도, 내시경은 1시간 정도 대기했습니다.\n3. 진료를 마칠 때까지 총 3시간 30분 정도 걸렸고, 나올 때쯤에 접수실은 한가한 분위기였습니다. (오전에 사람이 몰리는 듯하네요.)\n5. 직원분들 모두 친절하고 상냥했습니다. 특히 접수하는 분들 굿굿!!\n\n오픈런을 할게 아니라면 12시 이후에 방문하는 게 나을 것 같습니다.\n내시경은 무조건 1시간 이상 대기를 예상해야합니다.",0
65e832da1faa0e766c4d0787,소중한메디케어,"평일 오전 11시 기준 위내시경 웨이팅이 1시간 정도로 길긴 했지만 모든 간호사분들과 직원분들이 이렇게 친절한 곳은 처음봤어요! 모두 친절하시고 예의바르셔서 기분 좋았고, 병원도 절차가 잘 되어있어서 대만족이었어요. 과잉검진도 없었어요. 소문나서 웨이팅이 긴가보네요",2
65e832da1faa0e766c4d0788,소중한메디케어,매년 갔는데 오늘 5시간 걸렸어요. 너무 힘들었네요. 좋아했던 곳인데 소문이 났나 내년에는 다른 곳으로 갈까해요. 시간별 예약인원을 정하든지 대책이 필요해보이네요. 동맥경화 진료실 늘려주세요.,1
65e832da1faa0e766c4d0789,소중한메디케어,대기가 너무 오래걸려요. 5시간 걸림\n9시반까지 오래서 갔는데 접수대기를 1시간 했습니다.\n사람을 좀 덜 받던지 해야할듯 너무 비효율적이에요\n다음엔 안오고 싶습니다,0
65e832da1faa0e766c4d078a,소중한메디케어,선생님들 친절하시고. 시설도 좋습니다. \n저는 내년엔 또 다른 다른 검진 기관 갈듯!\n제 기준 더 베스트 검진기관이 있어서.,2
65e832da1faa0e766c4d078b,소중한메디케어,"후기 안좋아서 긴장했는데, 아침 일찍가니까 대기시간은 30분 정도였고 순차대로 잘 진행됐습니다 만족해요",2
65e832da1faa0e766c4d078c,소중한메디케어,사람 많아서 대기시간은 길다.\n오전 접수대기 40~50분쯤\n본인이 한시간 기다리는 것도 힘들정도로 참을성 없다면 다른데 가는걸 추천\n그 외엔 직원들 친절하고 검사하시는 선생님들도 친절하시고 괜찮았음,2
65e832da1faa0e766c4d078d,소중한메디케어,다음 번은 없다.,0
65e832da1faa0e766c4d078e,소중한메디케어,건강검진 받으러 왔는데 돗데기시장.최악.좁고 대기시간 엄청 길어서 대기자랑 직원간 고성난무. 직원 또한 응대 불친절.\n다시는 안오고 싶은곳!,0
65e832da1faa0e766c4d078f,소중한메디케어,"기업예약으로 매번 갔지만 매번 최악이었던 곳.\n\n20대 팔팔한 나이인데 녹내장 의심이 된다해서 직업 특성상 정상이 아니면 근무를 할 수가 없어서 영등포 김안과 방문.\n\n김안과에서 하는 말 ""눈 좋은데 무엇때문에 오셨어요.""\n\n메디케어 덕분에 정상오브정상 눈 검사에 10만원대 눈 검사함~^^\n\n회사 다시오니 녹내장 의심소견 나뿐만이 아니라 꽤 받음.\n\n전부 실젠 이상이 없음.\n\n결론: 시간날리고 돌팔이한테 진료받고 싶은 특이취향이면 가셈\n       내년에는 병원 무조건 바꿈. 내 인생 최악의 병원 진심",0
65e832da1faa0e766c4d0790,소중한메디케어,사람 많은건 종합검진하는곳이니..어딜가나\n그래도 많이 기다림\n초음파나 내시경 쌤들 열심히 꼼꼼히 봐줌\n유방촬영도 했던거 중에 제일 안아팠음,2
65e832da1faa0e766c4d0791,소중한메디케어,수면내시경하다가 턱빠졌는데\n이걸 마취깨고서 내가 얘기해서맞춰줌.......\n덕분에 턱관절병원찾아돌아다니고 병원비들고\n피같은연차하루더써야되고 즐겁네요^^\n그리고 위도아픔......사람많이오니까\n걍 휘리릭하는건 알겠는데 이래서 잘하는데로\n가야되는거구나..가까워서ㄱ했다가 개같이멸망함,0
65e832da1faa0e766c4d0792,소중한메디케어,공무원채용신체검사 받으러 갔는데요.\n\n전화문의할 때는 결과 3일 나오고 결과지 모바일 전송이래서 예약하고 금식하고 갔는데\n\n접수할 때는 결과 1주일 걸리고 결과지 현장수령해가야된대서 돌아왔습니다.\n\n중고차 사러가서 허위매물에 낚인 기분이네용 호호,0
65e832da1faa0e766c4d0793,소중한메디케어,"수면내시경 이상하게하는 병원 중 하납니다. 고객이 내시경 중 움직이는 거는 마취가 잘 안됐을 가능성도 생각해야될텐데, 다 받고나서 한다는 얘기가 너무 많이 움직였다고 다음부터는 수면 못하실수도 있다고 협박하네요. 수면 마취약도 원래 시원한 느낌이 났던거 같은데 병원이 많이 어려운건지 물 타서 쓰는 느낌도 좀 들었어요. 마지막 영양제 주사바늘도 다 맞고 혈액 올라오는데 가서 얘기하기 전까진 절대 신경도 안씁니다. 무조건 비추",0
65e832da1faa0e766c4d0794,소중한메디케어,,
65e832da1faa0e766c4d0795,소중한메디케어,병원 시설도 쾌적하고 \n위&대장 내시경은 너무 오래 기다렸지만\n다른건 일사천리로 진행해주셔서 좋네요~,2
65e832da1faa0e766c4d0796,소중한메디케어,"전화하니 바쁘신지 전화 안받으셔서 번호 등록해두니 30분 안에 금방 전화와서 예약함\n약품배송, 주의사항, 취식방법 등 사전안내를 문자로 충분히 반복적으로 해줌\n시설 널찍하고 대기하는 동안 쉴만한 곳 많이 마련돼있음\n다들 안내도 잘 해주시고 검사도 최대한 안 밀리게 다 잘해주셨음\n다시 물어봤다고 짜증내거나 그러시지도 않음\n유일한 단점은 위치가 가산이라 차량으로 병원까지 오는 길이 많이 막힌다는 것뿐(지하철은 가까워서 오히려 장점)\n난 매우 만족했고 다음 검진 때 또 방문할 예정임",2
65e832da1faa0e766c4d0797,소중한메디케어,기업체 검진이 몰려서 하반기에 가면 완전 시장통임. 워낙 공장형이기도 함..ㅋㅋ\n가운이 점점 걸레가 되어가는 것 같음..ㅋ\n보통 초음파 같은거 할때 뭔가 코멘트라도해주는데 여긴 그런거 없이 열씨미 캡쳐만 하다가 나중에 결과지 받으면 이상증상 투성이.. (좀 귀띔이라도 해줄수 없나?)\n그리고 산부인과쪽 검진하시는 분들은 대체로 화가 많이 나있음. 특히 산부인과 의사랑 유방촬영기사.. 할말않...\n밑에 후기대로 위 담당하신 여의사님 매우 친절.. 여기서 그렇게 친절하고 세심한 선생님 처음 봄.\n나름 여기서 4회 검강검진 받은 사람 후기였음.,0
65e832da1faa0e766c4d0798,소중한메디케어,유전자 검사 남자로 했는데 결과지에 여자로 검사되어 나옴\n남자인데 유방암 자궁경부암 검사지 나오고\n전화도 안받아요,0
65e832da1faa0e766c4d0799,소중한메디케어,사회적거리좁히기 시장통,0
65e832da1faa0e766c4d079a,소중한메디케어,"진짜 연락처 남기라고 해서 남겼는데., 전화주셨는데 공단 직장인검진은 전화예약 안된다고 직접 방문후 선착순 접수 순서대로 하면 된다고 하시고서는 방문하더니 예약하셨냐고 물어봄!!\n당황스러웠고. 그리고 직원들은 친절한데 의사가 완전 불친절하고 성의가 없다.\n그냥 와서 아픈데 없냐고 물어봐 없다고 하니. 그냥 싸인만하고 나가라고 함\n진짜 비추~~ 다시는 재방문의사 없음",0
65e832da1faa0e766c4d079b,소중한메디케어,전화를 안받아서 예약을 할 수가 없음\n유선상으로 연락처 남기면 연락 준다길래 남겨도 다음날까지도 연락없었음\n모바일 홈페이지에 기업 예약 있길래 신청은 했는데 이게 예약이 된건지 예약 확인도 안됨\n결국 전화로 예약 확인해야 하는데 전화는 절대 안받음,0
65e832da1faa0e766c4d079c,소중한메디케어,8월 말에 건강검진 예약한 시간보다 조금 늦게 갔는데 대기도 없었고 병원 안에서 만난 모든 분들이 다 친절했습니다!!!\n다음에도 여기서 건강검진 할거같아요!,2
65e832da1faa0e766c4d079d,소중한메디케어,7시 예약하고 대기만 3시간 했다. \n\n\n소중한대기병원이냐!,0
65e832da1faa0e766c4d079e,소중한메디케어,두달전 여기서 건강검진 받았어요 가깝고 저렴해서 선택한건데 너무 후회스럽습니다,0
65e832da1faa0e766c4d079f,소중한메디케어,다 친절하시고 좋았는데 유방 엑스레이 검사 해주시는 여직원분은 화가 굉장히 많아보였습니다ㅎㅎ 아침부터 남의 가슴 터치하는게 썩 기분이 안좋을순 있쥬 가뜩이나 민망한 상황에서 어찌나 눈치가 보이던지ㅠㅠ,1
65e832da1faa0e766c4d07a0,소중한메디케어,,
65e832da1faa0e766c4d07a1,소중한메디케어,위 담당하시는 여의사 선생님 넘 친절하세요~처방전 보니 성함이 이주영 선생님 이네요^^\n권위주의적인면 전혀 없으셔요. 처음엔 의사선생님 아닌줄 ㅎㅎ 전화도 직접 주시고 되게 좋으세요!\n건강검진 했는데 뭔가 건강검진 공장같긴한데 ㅋㅋ 되게 체계적이고 직원들도 괜찮고 저는 좋았어요,2
65e832da1faa0e766c4d07a2,소중한메디케어,오진을 해놓고도 인정하지 않고 적반하장인 곳입니다\n원래 가지고 있는 병이 있는데 여가서 초음파상 이상소견 없다고 나와서 다른병원에 가서 확인하고 따지니 약을 먹고 있으니 이상이 없는게 맞다고함 말인지 방군지 모르겠음\n의사라는 사람이 전화가 왔는데 전문성도 전혀없고 무슨 시장상인같은 말만하고 욕은 전혀 하지도 않았는데 아씨라고 욕했다고 꼬투리잡고 소리지름 \n상담원부터 의사까지 무식함이 철철넘침,0
65e832da1faa0e766c4d07a3,소중한메디케어,건강검진을 위한 병원이예요. 몸 어딘가가 아프면 비추천. 아픈곳은 없지만 아픈곳을 찾기 위해 검사를 받아야한다면 추천합니다. 정말정말 검사가 빠르고 친절하시네요.,2
65e832da1faa0e766c4d07a4,소중한메디케어,저는 혼자서는 할수없는 장애인으로 종합검진을 받기위해 내원하여 모든 직원분들의 친절과 헌신적인 도움으로 빨른검사를 할수있어고 의사선생님의 자세한 설명까지 모든것에 아주만족한 검사하였기에 감사드립니다.,2
65e832da1faa0e766c4d07a5,소중한메디케어,"친절하고 시설 좋고 좋네요~\n\n연말에는 정신 없다는데 요즘은 널널한가봐요~\n\n역시 검진은 11,12월 피해야 쾌적합니다.",2
65e832da1faa0e766c4d07a6,소중한메디케어,다른 선생님들은 다 친절하시고 너무 좋은데 치과 담당 불친절함. 잇몸 안좋다고 검진 체크도했고 이상없다길래 그 부분 한번 더 말했더니 마스크하라고 소리지르고 아프면 다른치과 가란다ㅋ 검사하기 싫으면 면허 반납하던가~~,0
65e832da1faa0e766c4d07a7,소중한메디케어,여러 검진 센터처럼 일 처리도 빠르고 사람도 많습니다.\n예약은 큰 의미 없구요. 일찍 접수하고 환복하면 빨리 끝납니다. 전 내시경 제외 1시간 20분 걸렸네요. 검사마다 대기 5분 이내 였고요.,2
65e832da1faa0e766c4d07a8,소중한메디케어,진짜 인력도없고 짜증나요!!  얼마나 대기를하는지 ..\n예약을받지마세요ㅡㅡ 예약을왜받고1시간대기하게하는지 진짜ㅡㅡ,0
65e832da1faa0e766c4d07a9,소중한메디케어,"검진받는데 두시간기다렸어요,, 이럴거면 예약을 받지마세요",0
65e832da1faa0e766c4d07aa,소중한메디케어,시설 괜찮고 건강검진 인원 꽤 있는데도 빠르게 잘 해주셔요!~~,2
65e832da1faa0e766c4d07ab,소중한메디케어,절대 가지마세요.\n영양제랑 비타민D바꾸는 손길이 아주 예술이네^^\n혹시 가더라도 차트는 꼭 확인하면서 본인이 뭘 하는지는 알고 하시길.,0
65e832da1faa0e766c4d07ac,소중한메디케어,친절하시고 빠릅니다.,2
65e832da1faa0e766c4d07ad,소중한메디케어,"전화연결 최악, 내시경약도 정확히 안보내줘서 제날짜에 못받고 정말짜증남",0
65e832da1faa0e766c4d07ae,소중한메디케어,건강검진 받으러 왔는데 오래 기다림. ct 기계가 하나라 엄청 기다림. 반차쓰고 왔는데 연차써야 할듯.,1
65e832da1faa0e766c4d07af,소중한메디케어,금요일 아침7시에 시작해서 9시에 끝났어요\n대기인원이 많긴 했으나 무리없이잘받았어요\n직장인정기검진이었구요\n직원분들이 잘 챙겨주셨고 채혈도 엄청잘하셨어요\n전 채혈에 민감한 편인데 너무 잘하시더라구요\n죽맛있게 먹고 귀가합니다 수고하세요,2
65e832da1faa0e766c4d07b0,소중한메디케어,"아침 6시 50분에 왔는데, 10시 45분 현재 ct, mri 두개 대기중. 12시 종료 예상. 나이 마흔에 건강검진 8번째인데, 아침 7시에 와서 5시간 걸린 경우 처음. 게다가 사람이 몰리는 금요일도 아니고 수요일임. 금요일은 어떨지 아주 끔찍함.\n\n왜이렇게 늦냐고 물어보니 죄송하다는 말 밖에 없음. \n\n아침 7시 20분에 검사 2개 끝났는데, 그다음 검사를 8시부터 시작하는 검사에 배정해줌. 40분을 가디리라는건가?  뭔가 이상해서 항의하니 죄송하다고 다른 검사로 안내해줌. 다른 검사 대기자 1명도 없음 \n\n집이 가까워서 여기서 3번째 검사인데, 다시 안올 예정. 예약을 가려서 받던지 mrt ct검사장을 늘리던지 방법을 찾기 전에는 절대 비추.",0
65e832da1faa0e766c4d07b1,소중한메디케어,전화 좀 받으세요.,0
65e832da1faa0e766c4d07b2,소중한메디케어,전화좀 받으세요..... 방문하니까 그 많은 사람들이 놀고 있더만.,0
65e832da1faa0e766c4d07b3,소중한메디케어,MRI가 노답\n다른 부분들은 여느 검진센터처럼 쭉쭉 동선 따라 프로세스가 잘 도는데 MRI만 1시간 30분을 기다렸습니다.\n순서도 알 수 없고 기약없이 기다리기만 했네요.,0
65e832da1faa0e766c4d07b4,소중한메디케어,건강검진 받는데 넘  오래 걸립니다. 거기다 검사 전날까지도 안내문자나 메일도 오지않고 서비스 개선이 필요해 보입니다. 몇시 예약인지 기억이 나지 않아 전화를 10통 가까이 했는데 한차례도 통화가 되지 않아 직접 가서 시간을 확인 할수 있었습니다. 반차 4시간 나오는데 검진시간이 모자랄 판입니다. 다음에는 다른곳을 잘 알아보고 방문해야겠습니다.,0
65e832da1faa0e766c4d07b5,소중한메디케어,친절하고 깨끗하고 시스템도 잘되어있어 좋았네요.. 작년에 여기 이용하고 집에서 멀어서....  올해는 다른 기관에서 검진받았는데 소중한메디케어로 갈걸 그랬네요...,2
65e832e61faa0e766c4d07b6,참튼튼병원 구로점 신관,건강검진 하러감\n검사만하고  진단및 치료는 없음,1
65e832e61faa0e766c4d07b7,참튼튼병원 구로점 신관,목 아파서 갔는데 뭐 만져보거나 묻지도 않고 CT인가 MRI 부터 찍더니 무슨 150만원짜리 주사 맞아야 한다네요 최악입니다.\n다른 병원 가서 스트레칭 방법이랑 운동법 배우고 일주일만에 나았습니다,0
65e832e61faa0e766c4d07b8,참튼튼병원 구로점 신관,건강검진 하러 갔는데 유방암 초음파를 환자 동의도 없이 남자의사가 와서 했습니다.. 너무 놀라서 별 소리도 못했네요 ㅠㅠ 임신중이라는데 골밀도 검사실 보내고...체계도 없고.. 다신 안갈려고요,0
65e832e61faa0e766c4d07b9,참튼튼병원 구로점 신관,건강검진을 받아야 할 때 지인이 추천으로 가봤는데 매우 괜찮았습니다!!! 아침에 갔더니 사람들이 좀 많아서 대기 시간은 좀 있었지만 안내해주시는 분들이 친절하게 안내해주었고 의사선생님도 결과를 친절하게 잘 설명해주셨습니다!!,2
65e832e61faa0e766c4d07ba,참튼튼병원 구로점 신관,"내돈내산 리뷰) 산부인과는 완전 비추\n일단 산부인과 빼고 다 친절하고 추천합니다. 종합검진 방문했고 위 사진 내역보면 거의다 검사했구요\n\n산부인과는 의사 부터 간호사까지 다 별점 하나도 아까워요 환자도 없는데 빨리한답시고 조심성 없이 굴욕의자에서 시술할때 막 쑤시고요 \n\n산부인과 간호사 3명 근무하는데 간호사가 추가 검진 추천하는 척 계속 강요하고, 계속 추가 요금 붙는 식으로 약간 사기꾼 방식입니다. 수간호사로 보이는 사람은 환자 앞에두고 설명하기 귀찮아서 무식하다는 말도 합니다.\n\n여기서 건강검진하면 다른 병원에 가서 추가진료 볼 수 있도록 자료들 시디에 담아주는데 산부인과는 진료결과도 공유안하고 자료도 다 빼서 못받았습니다 무조건 자기한테 진료보는 거 아니면 소견서도 안써줌\n\n나머지는 실력있고 친절한 의료진 및 간호사 분들입니다!!",0
65e832e61faa0e766c4d07bb,참튼튼병원 구로점 신관,좋아요,2
65e832e61faa0e766c4d07bc,참튼튼병원 구로점 신관,"지인 추천으로 방문했는데 상담 해주신 선생님도 너무 좋았고,  검진 당일 검사실, 검사안내를 너무 친절하게 해주셔서 검진 잘 받고 갑니다!",2
65e832e61faa0e766c4d07bd,참튼튼병원 구로점 신관,예방주사 맞으러 갔는데 이 과로 보냈다가 저 과로 보냈다가.. 바빠서 서로 토스하려고 한 것 같은데 환자 앞에두고 서로 뒷담화 하는 거 되게 별로네요… 환자 한정 친절하지만 좀 불편했어요;,1
65e832e61faa0e766c4d07be,참튼튼병원 구로점 신관,보건증 발급 비추합니다.\n이동 동선 최악\n지하1층으로 내려가 탈의 후\n1층으로 올라가서 흉부 엑스레이\n다시 내려와서 면봉받고 또 다시 1층으로 올라가\n외부 화장실 사용(지하 화장실 고장이라고 함)\n다시 지하로 내려와서 간단한 검진 후 탈의\n마지막 1층으로 올라가서 수납 후 귀가\n총 3번을 왔다 갔다 했네요.,0
65e832e61faa0e766c4d07bf,참튼튼병원 구로점 신관,다들 친절하세요  건강검진은 여기서만 하고있습니다,2
65e832e61faa0e766c4d07c0,참튼튼병원 구로점 신관,시설도 깨끗하고 직원들도 친절해서 편하게 검진받고왓네요!,2
65e832e61faa0e766c4d07c1,참튼튼병원 구로점 신관,검진상담도 친절히 해주시고  검진당일 검사 설명도 친철히 해주셔서  좋았어요~~,2
65e832e61faa0e766c4d07c2,참튼튼병원 구로점 신관,시설도 깨끗하고 일하시는 분들도 친절해요,2
65e832e61faa0e766c4d07c3,참튼튼병원 구로점 신관,"직원들이 친절하고, 의사선생님도 꼼꼼히 검사해주시고, \n시설도 깨끗하고 만족하고 왔습니다~~!!",2
65e832e61faa0e766c4d07c4,참튼튼병원 구로점 신관,나름 저렴한 가격에 합리적인듯...,2
65e832e61faa0e766c4d07c5,참튼튼병원 구로점 신관,속이 계속 안좋아서 내시경 초음파 피검사 까지했는데 하는과정에서 선생님들이 너무 친절하고 잘 안심시켜주셨어요 !!,2
65e832f11faa0e766c4d07c6,구로예스병원,정말 다시는 방문하고 싶지 않은 병원입니다. 도저히 진료 받고 싶지 않아 통원 진료 도중 그냥 나왔습니다. 비급여 항목 검사 동의서를 받는 간호사에게 내가 받는 검사가 이 병원에선 비급여 항목인 이유에 대해 설명해 달라 하니 나라에서 그렇게 정했으니까죠; 라고 비웃으면서 대답하네요. 환자에게 비급여항목 진료에 대한 동의서를 받을 땐 ‘충분한 설명과 함께 동의합니다‘ 라고 명시해 두고 설명이 없어 직접 물으니 대답을 저렇게 하면 납득도 안 되는 비급여 항목 과잉 진료를 받겠나요?ㅋㅋㅋ 의사에게 직접 검사를 권유받았고 왜 검사를 해야 하는지 왜 비급여인지 설명도 제대로 안 하면서 이런 내용에 대해 물었을 뿐인데 말투며 표정하며 참나 네~ 죄송~ 하며 환자가 진료에 대해 묻는 것을 불편하게 생각하는 것을 보고 이곳은 다시는 방문하지 않을 곳이라 생각했습니다. 나이 드신 분들 위주의 병원인데 필요 이상의 검사를 요구하고 서비스직임에도 불구하고 서비스 정신은 마이너스에 수렴하는 병원이 이렇게 환자가 많은 것도 충격이네요^^ 서비스 정신을 베이스로 응대해주시길 바라요 기본적인 것에 대한 질문도 불편해 하시면 왜 환자를 응대하고 있는 건지 당췌 모르겠네요…?,0
65e832f11faa0e766c4d07c7,구로예스병원,정 원장님 무조건 수술 권하지 않으십니다. 설명도 자세히 해주십니다.,2
65e832f11faa0e766c4d07c8,구로예스병원,의료진부터 종사자분들 모두 정말 좋아요.\n정병욱원장님의 자세한 설명만 들어도 아픔이 사라지는듯 합니다. 간호사분들도 친절하게 대해주시고\n\n이곳저곳 돌아다니다. 제가 찾던 병원을 찾게된듯  해서 정말 좋아요.,2
65e832f11faa0e766c4d07c9,구로예스병원,엄청 불친절함\n무조건 수술 강요함\n다시는 안감,0
65e832f11faa0e766c4d07ca,구로예스병원,엑스레이도 안찍었는데 MRI를 권유\n환자를 호구로...,0
65e832f11faa0e766c4d07cb,구로예스병원,"차기용원장님 때문에 꾹 참고 다닙니다.\n외래 직원, 병동 간호사들 많이 친절해졌다고 하지만 \n아픈 환자한테 말 함부로 하고 참 예의가 없어요.\n원장님께 말씀 안 드린게 많아요.\n누가 보면 돈 안 내고 공짜로 진료 받는 줄 알겠어요.\n아니 무료로 진료 받아도 친절하게 해주셔야죠.\n내돈 내고 진료 받는 건데 대접 받을 생각도 없고 기본만 하라고요.\n원장님이 실력이 좋으면 뭘 해요.\n직원들이 불친절해서 '구로예스병원'은 별루라고 소문이 나서 환자들이 오질 않는데...\n이 글 보고 직원들 교육 좀 시키세요.\n그리고 이름표를 달고 있어야 누구를 칭찬하고 누구를 쓴소리하죠. \n친절한 직원은 베네핏을 주고 불친절한 직원은 페널티를 주던지 해야지요.",0
65e832f11faa0e766c4d07cc,구로예스병원,외래 간호조무사들 서비스 교육 다시 시켜야할듯\n나이 좀 있는 여자는 외래 데스크에 앉아서 계속 핸드폰만 보고 잡담만 크게 하네요,0
65e832f11faa0e766c4d07cd,구로예스병원,정형외과 \n글과 방송(병원가서 알았음 방송나온지는)만 하고 외래는 받지 말아야지 그렇게 불친절 할거면..\n얼굴에  이젠 여기오지 말고 딴 병원 가라고 써있음\n구로동에50년넘게 살지만이런병원 처음임. 의사 간호사 형편없음\n신규 접수하는 남자분 빼고.\n가겠다고 하는사람 말리고 싶음.,0
65e832f11faa0e766c4d07ce,구로예스병원,진짜 후기 그대로에요\n의산선생님이 친절하게 설명해주고 자세한건 간호사분이 설명해줄꺼에요. 해서 물어봤는데\n몇번을 물어봐도 동문서답에 짜증은 짜증대로 내고\n나중에 전화와서 왜 예약 안하셨어요 ㅇㅈㄹ\n의사선생님들 정신차리고 간호사 원무과 다 교체해야합니다. 진짜 최악이에요.,0
65e832f11faa0e766c4d07cf,구로예스병원,"리뷰 안보고 갔는데, 모든게 사실이네요. 조무사님들 정형외과 선생님.",1
65e832f11faa0e766c4d07d0,구로예스병원,의사분들이랑 물리치료사 분들 빼고는 카운터(원무과) 간호사 까지 죄다 싸가지에 밥말아먹엇어요 불친절함 불친절함 불친절함 불친절함 불친절함,0
65e832f11faa0e766c4d07d1,구로예스병원,하나를 보면 열을 안다고 ㅡㅡ 서종현의사 그러지마세요ㅡㅡ 어디 무서워서 진료보겠나,0
65e832f11faa0e766c4d07d2,구로예스병원,"애매. 광고나 네이버 지인인들 작업은 엄청치는 병원임. 하지만 최대한 비수가 진료위주. (수익성이 중요한건 알지만서도..) 간호조무사든 간호사든 의사든 친절하다고하는 건 알반가? 사람은 많음. 중국어 많이 들림. 일에 치여서 그런건 어느정도 이해하고 봐도 정신없고, 싫음 딴데가요식. 결국 CT자료만 가지고 타병원으로 트렌스퍼. 추후 물리치료라도 가까이 받으려 가려하니. 무조건 비수가에 시간당 12만원. 수부나 족부 전문병원도 딱히 맞다고 보긴 어려움. 페이닥터님 몇마디 설명하고 자세한 수술은 실장님에게 라며 미루는 식. 무조건 수술진료 선호하는 병원. 결국 타병원에서 비수술식 진료로 완치됨. 이쪽 동네 정말 병원 참 애매함. 이쪽동네는 다 포기하고 고대병원가는 이유가 있음.",0
65e832f11faa0e766c4d07d3,구로예스병원,확진자 발생,1
65e832f11faa0e766c4d07d4,구로예스병원,"의사 선생님 질문하는거에 대답도 너무 잘해주시고, 친절하샤서 좋았어요! 불필요한 검사 강요도 안하고, MRI 검사는 치료할 준비가 되어있을때 하는거니깐 치료할 준비 먹으시면 그때 검사받으라고 하시고 ㅠ_ㅠ 우성종? 원장님이셨는데 잘봐주셔서 좋았어요...! 정형외과는 여기 정착해야게써여",2
65e832f11faa0e766c4d07d5,구로예스병원,저는 친절하게 진료 잘 받았어요,2
65e832f11faa0e766c4d07d6,구로예스병원,의사가 너무 기계적이고 의욕이 없어 보였네요..,0
65e832f11faa0e766c4d07d7,구로예스병원,간호사는 불친절에 싱담도 너무 어렵고 짜증나네요,0
65e833031faa0e766c4d07d8,명지성모병원,,
65e833031faa0e766c4d07d9,명지성모병원,개인적인 응급실에서의 경험 2번은 정말 떠올리고 싶지도 않다. 남자간호사분이 내 손등에 주사를 놓는데 잘 못 놔서 내가 너무 고통에 차서 몸을 바르르 딸고 눈물이 난 적이 있다. 또 다른 경험도 남자 간호사였는데 정말 화가 나서 이름 기억해두고 싶었는데 너무 정신이 없어서 확인을 못한 것이 개인적 후회로 남는다. 병원에 종사하시는 분들이 힘들고 애써주시는 것과는 별개로 참 좋지 않은 경험 들로 생각된다,0
65e833031faa0e766c4d07da,명지성모병원,"CT,MRI 촬영하는 영상의학센터 여자직원 접수하려니 일찍왔다고 헛웃음치며 기다리라고 성질내며 대답하시길래 기분 안좋아졌는데 대기하며 보니 다른 환자에겐 소리까지 치며 성질내시네요? 할머님 대상으로.. 너무 놀랬어요\n분명 채혈하러 일찍왔다고 했는데 성질내며 오안내해줘서 덕분에 시간버리고 영상의학센터에서 기다리다가 채혈실에서 왜안오냐 전화와서 채혈하러 1층 다녀오고 결과 늦게나오고 검사도 미뤄졌습니다.\n일하기싫으면 제발 퇴사하세요. 친절 바라지도 않습니다. 올바른 안내는 해주셔야죠..",0
65e833031faa0e766c4d07db,명지성모병원,부모님의 입원경험이 있어 올립니다\n\n결론적으로 환자들의 편의성보다는 돈 보고\n병원영업한다고 생각됩니다.\n\n대표적으로 코로나검사다.\n\n환자보호자는 교대할때마다 코로나검사명목으로 최소4만원의 비용을 받는다. \n일정시간이상 외출해서 들어올때도..\n비용은 따박따박 다 받는다.\n\n코로나확산 및 감영방지의 명분으로\n\n하지만 \n\n같은 공간에 있는 직원들은 코로나검사를 하지 않는 것으로 안다. 코로나검사도 안하고 온 병동을 돌아다닌다..\n\n이것 하나만 봐도 안다..\n\n환자들에게 돈을 더 많이 받기위해\n환자보호.행정.그리고 우리병원의 시스템은\n이렇다며 개선을 하지 않는다..\n\n다시는 절대로 명지성모 안간다..,0
65e833031faa0e766c4d07dc,명지성모병원,입원시켜놓고 물리치료 하나받는 것도 며칠을 기약없이 기다리라하는데 도대체 왜 입원을 시킨거죠...? 입원한지 하루하고 반나절 지나는 동안 링거만 맞고있는 상황이라 담당의사한테 말씀드렸더니 왜 아직도 물리치료 못받았냐고 간호사한테 물아보시더라구요. 뭐 하나처리하는 거봐도 뭐가 빠져서 다시 자기들끼리 확인하고 또 시간 잡아먹고 뭐하나 제대로 하는게 없네요 이런 병원 처음이예요. 시간낭비만하고 바로 퇴원합니다.\n급하게왔지만 정말 비추합니다,0
65e833031faa0e766c4d07dd,명지성모병원,,
65e833031faa0e766c4d07de,명지성모병원,오토바이 타다 넘어져서 응급진료센터 갔는데 많이 친절하시고 실제 지출한 진료비도 900원인가 나와서 신기했어요.,2
65e833031faa0e766c4d07df,명지성모병원,직원들이 친철 하지 않아 3번 갔을 때,0
65e833031faa0e766c4d07e0,명지성모병원,저는 환자의 보호자로 처음 이 병원을 방문하여서 신경외과 김미경과장님의 진료를  선호하여 받았었는데 너무 섬세하시고 또 친절하게 환자상태의 깊이있게 파악하시고 치료해주셔서 너무 감사했었습니다 \n재활괴 김원섭과장님도 인지부족으로 재활이 불가능한상태임에도 신경외과와 협진하시여 약물치료로 재활에 적응할수있는 상태로 전환시켜보시려고 많은 노력을 기울여주셨습니다\n외래에 김유림간호사분과 원무팀의 공시연선생님도 너무 침절하고 예의있게 대하여주셔서 너무 감사하고요 6층의 간호사분들도 친절하게 너무 잘대하여주셨습니다.\n명지성모병원을  널리 추천드리고 싶습니다,2
65e833031faa0e766c4d07e1,명지성모병원,여기 유난히 젊은분들이 많으시네요.. 지난 번 응급실 부모님 모시고 왔을때도 느꼈는데 왜 여기 애들은 다 반말일까? 지 할머니 할아버지뻘인데 할머니 옷 벗게 팔 드세요~ 아니 ~ 오른팔!! 오늘은 또 할아버지 침대 이동 하면서 많이 아프세요? 왜 아플까? 움직이지마세요 떨어져 떨어져 모야 이 존댓말 반 반말 반 !! 출구 서 있는 경비 말투 하며 지하 CT실 저 쌍수한 여자애는 또 왜 저리 인상쓰고 불친절해 ! 핸드폰만 처보고 있고 !! 사실 병원도 사업 아닙니까 당신들이 무슨 대단한 희생 정신 봉사 정신으로 하는거 아니잖아요 ! 그럼 기본적인 직원 교육 좀 시키세요 !!! 어차피 환자는 많고 신경 안쓰겠지만 ~ 내 병원 다니다 다니다 이런 개차반 같은 병원은 또 처음 보내,0
65e833031faa0e766c4d07e2,명지성모병원,"하나부터 열끝까지 엉망진창이네요 진짜 어지간해서 그냥 넘길텐데 인수인계 조차도 똑바로 안 되는 병원은 또 처음봐요 전산으로 처리하는 업무가 대다수일텐데도 예약을 했네 마네 몇 번을 똑같은 말하고 왔다갔다 거리면서 진행되는 건 없고 말투 하나하나에 예의라고는 찾아볼수가 없어요 ㅠㅠㅋㅋ 아파서 예민한 거 아니냐고요? 아뇨? 저 보호자로 간 사람인데요 ㅋㅋㅋㅋㅋㅋㅋ 검사도 이미 입원 전에 날짜 시간 다 잡았는데 검사가 언제 될지 모른다, 기다려라 이러더니 이미 전에 내원해서 입원 예약하면서 검사도 같이 예약했다니까 또 다른 간호사가 와서 된다고 설명... 검사 받으러 내려가라해서 내려갔더니 ?접수를 먼저하라고? 우린 외래가 아니라 입원환자인데? 어이없어서 시스템 이해 안간다 하고 또 접수하러 폴대 끌고 외래환자 입원환자 바글 거리는 곳 뚫고 가던 중에 다시 오라고 사람을 부름ㅋㅋ 일을 한 번에 처리하는 꼴을 못 봄 잠깐 앞에 2분 나갔다 오겠다는 것도 외출증 끊어오면 된다 이야기했으면 진즉 그렇게 했을 것을 무조건적으로 안돼요 못나가요 ㅇ♪♬♪♩요? 그제서야 남자가 내려와서 말하니까 병동 올라가서 외출증 끊어오라 설명하는 건 어디서 배우셨어요???????? 그게 당신네들 FM인거죠? 검사도 다 끝나고 꽂고 있는 수액이 불필요한 수액인 거 알고 있어서 빼달라니까 또 왔다갔다 하더니 정작 빼달라는 수액은 안 빼주고 어버버버 설명도 못하고 후임 간호사가 왜저런가 했더니만 병동 짬이 찬건지 원래 투가 저런건지 도무지 뭘 믿고 저러는지 모를 그 선임 간호사로 보이는 사람이 태움을 하고 있음; 보고 오라는 말도 아 다르고 어 다르다고 “확인하고 와봐요” 랑 ”보고 오라고!!!“ 랑 같다고 생각하면 앞으로 신명나게 뒷담까던 닥터한테 그렇게 욕 먹어도 가만히 있으세요~ㅋㅋ 처음부터 환자든 보호자든 누구든 대할 때 툴툴 거리는 간호사 있음ㅇㅇ 못 알아들을 줄 알고 용어 얘기해가며 욕하는데 미안한데 다 알아들어요 ㅠㅠㅋㅋㅋㅋㅋㅋㅋ 와 진짜 살면서 이런 병원 처음보네요 심지어 저 꽂아뒀던 수액도 젤코 바로 밑 수액라인 꼬여서 똑바로 투약되고 있던 것도 아닌 거 아세요? 나이 좀 있으신 간호사분이 (제일 친절하심;) 혈압재러 오셨다가 발견하고 말씀드리니 다시 다 떼고 붙여주셨음 진짜 하나부터 열끝까지 똑바로 된 게 없는 병원임 경악스럽기 짝이 없음 직원들이 어째 하나같이 그 모양인지... 그 중 숨어있는 진주 같은 간호사 분들 간~~~혹 찾을 수 있으니 이미 방문했거나 입원 예정이라면 참고하세요^-^ 내 뒤지는 한이 있어도 이 병원 다신 안 갑니다",0
65e833031faa0e766c4d07e3,명지성모병원,급해서 간 곳. 손등으로 꼭 해야되냐고 물어보니 손등이 핏줄이 잘 보인다고 했다. 다른 대학병원다닐 때 손등은 이미 다른 곳에서 링겔을 꽂아두어 어쩔 수 없는 경우만 했었는데 간호사가 핏줄이 잘 보여 피 뽑기 수월하다고 하니 알겠다고 했음.\n근데 피는 안나오고 바늘을 꽂은 상태로 간호사가 내 손을 쥐어 짜고 때리고 난리 남. 너무 아파서 고문 당하는 것 같았고 아픈 곳이 잠시 잊혀질 정도. 최악이었다..\n손님이 너무 없어서 그런건지 간만에 온 손님이라 온갖 약 다 꽂는 듯함. (비슷한 통증으로 다른 병원 갔을 때는 2-3개였는데 여기서는 5개) 검사도 굳이 여러개 시킴. 마지막에는 증상도 호전됐고 검사 안한다고 하니 그래도 하자고 간호사가 지하까지 내려와서 설득했다.. 이미 조형제인가를 넣었다고. 조형제 넣기 전에 검사 내용을 자세히 말해줘야지. \n무엇보다 진단이 계속 바뀌고 추측만 해대는데 그럴거면 검사는 왜 하나 싶다.,0
65e833031faa0e766c4d07e4,명지성모병원,예약하구 갔는데 평소에 어지럼증이 심해서 걱정이 많이 됐었는데 의사선생님이 자세히 설명해주셔서 너무 안심됐어요\n간호사분들도 친절하고 입원해 있는동안 편하게 있었네요 \n그래도 중국인들이 좀 많은건.... 시끄러웠음요,2
65e833031faa0e766c4d07e5,명지성모병원,산부인과...지하 구석에 마련해놓고  의사분은 왜그리 권위적이고....아무리 롼자보다 나이가 많다해서. 반말로 진료봐도 되는 건가요!!!\n환자없이  누구를  치료할건데요...\n\n50평생  최악의 의사를 만났네요...\n병원에서 잘못한것까지. 환자에게 덮어씌우고 윽박지르고...다른병원 의사 깍아내리고 자기가. 최고. 잘 안다고 으스대고...큰소리로 가르치고\n\n ...본인은. 그렇게 잘 아니. 한번얘기하면 환자들이 다 알아듣겠지라고 생각하는데...\n\n환자들은. 이런 병이 처음입니다\n당황스럽고요..혼란스럽고요..고통스러워요\n그럼 환자의 마음을  위로해줄마음은  눈꼽만큼도 없는 의사님...\n\n슬기로운 의사생활. 그런것좀 보고 배웠으면 좋겠네요.. \n\n무슨. 종합병원의사의 인격이. 개인병원보다 못할수... 있지...그걸 기대한 제 잘못인걸로요\n\n산부인과 문 닫으세요..여러환자. 몸도 아픈데. 맘까지 쑤셔놓지말고요,0
65e833031faa0e766c4d07e6,명지성모병원,"절대로 가지마세요. 제발 이 병원 가기 전에 피해자 글 읽고 가지 마시길 바랍니다. 굳이 가겠다면 안붙잡겠지만 가면 사람 죽여요.\n간호사,의사들 지금 사람 죽이려고 작정하셨나요? 가족이 중환자실 입원했는데 병원에서 검사만 6번을 하고 며칠 지나도 검사결과는 말 안하고 계속 검사 하더니 검사 각각에 대한 제대로 된 설명도 안해주고 중국인들끼리 중국어로 대화하고 한국어로 설명할땐 알아듣지 못하게 빠르게 말하고???? 다른 환자들도 설명이 없어서 어리둥절하고 지금 후기만 봐도 피해입은 사람이 한둘이 아닌데 당신들 의사 맞나요?????\n의료인이면 의료인답게 사람 살릴 생각을 해야지 돈 뜯을 생각만 하냐고. 손등, 팔에 구멍은 크게 내놓고? 왜? 문제없는 병도 만들어서 다리자르고 팔자르고 머리 부셔놓고 약 주입하지?? 예전에 좋은 중국 선생 만나서 그래도 중국 인상 괜찮아졌는데 중국은 정말 혐오스럽다. 중국 가서 너네 사람이나 죽이지 왜 한국와서 중국인이 한국사람 죽이지?????\n오히려 중국인 간호사는 중국인들한테 중국어로 친절하게 설명해주더라??\n두고봐라 너네.\n니네가 돈뜯어먹은 사람이 한두명이 아니라 피해자들이 누가 누군지도 다 모르겠지??? 다 감옥가라. 너네 평생 그 죄들 다 돌려받게 될텐데 기대할게. 그건 변하지 않아.\n그돈으로 잘 사나 보자.",0
65e833031faa0e766c4d07e7,명지성모병원,팔뚝이 피멍이 들어왔어요 정말 속상합니다,0
65e833031faa0e766c4d07e8,명지성모병원,"간호사들이 불친절 하다. 정말 기분 더러운 기억으로 남아있음. 응급이라 우연히 가게 됬는데, 이상한 간호사 - 간호사 아니라 병원잔일 보는 인력 같았음 - 한테 별 그지같은 일을 겪었음. 의사는 괜찮던데,. 병원 경영진은 이런 의사 간호사도 아닌, 기본 사회인 마인드도 없는 자들이 병원 이름에 먹칠을 한다는 사실을 알고 빨리 자르길 권한다.",0
65e833031faa0e766c4d07e9,명지성모병원,"제가 나이도 어리고, 어지럼증으로 내원했는데,, 응급실 기준에선 많이 안심한데 응급으로 왔다면서 통통하신 간호사가 응급이면 보험안되는거 아시죠? 라고 인상 쓰면서 얘기하시더라구요~그리고 저로서는 정말 심해서 갔던 병원인데 제일 예민한 응급실에서 딱봐도 신입간호사분이 제 손등을 난도질 해놓으셨네요.. 더 예민해졌네요..응급실 간호사는 2명빼곤 최악이였고,, 병동도 오래되서 최악,, 병동 간호사도 친절한사람반 별로인사람 반.. 그냥 다른병원가세요..",0
65e833031faa0e766c4d07ea,명지성모병원,별 1점도 아까운곳이네요.. 부모님 뇌졸중으로 들어가셨는데 의사는 부재중이고 진짜 최악입니다 혹시라도 토.일에 오시면 다른 뇌혈관 병원 찾아가세요...,0
65e833031faa0e766c4d07eb,명지성모병원,예전 보다 발급창구가 확장되어서 좀더 빠르게 발급 가능하네요 칭찬 드립니다. 다만 차량 출차시 운 없으면 오래 걸림 ㅠ,1
65e833031faa0e766c4d07ec,명지성모병원,구급차타고왔는데 돈걱정해야하는병원.카드로선결제해야 환자를보는게 병원이냐? 태도가불순해서 나가겠다고하니 다리에채워준 보조기와 손가락고정시킨비용내라고??\n그비용을안내면 못나간다고??니들마음대로 채워주고 돈내라고?니들이 병원이냐?억지로물건파는 장사치냐?,0
65e833031faa0e766c4d07ed,명지성모병원,"병명 알고 추적관찰로 입원했는데 일말의 설명, 통보도 없이 비급여 주사, 검사만 수두룩 시켰습니다. (코로나 검사비만 구두 설명 받음.)이 정도면 검사 적은거라고 하면서요.\n이틀 입원에 150만원 나왔어요.\n미용목적, 영양제만 20만원가량 때려놔서 보험처리도 안 되고요.\n별점 1점도 아깝습니다..",0
65e833031faa0e766c4d07ee,명지성모병원,"19년 7월 15일에 치매 진단 내려놓고 환자 본인, 보호자 어느 누구에게도 설명조차 해주지 않은 사람이 대표원장으로 있다는것이 어이가 없다 진짜...\n돈만 밝히고 3~40대 젊은 사람들한테도 다 맞게 하는 뇌영양제가 뭐 좋은거라고 증세가 호전되지 않는다고 얘기하니까 약 좋은거 써준다고 알랑방구나 뀌더니 처방내역 보니 똑같은약... 심지어 진단서에도 ""치"" 라고 한글자만 적어놔서 전화해서 얘기하니까 그제서야 치매란다 전화로 따지니 병원으로 와서 얼굴보고 얘기하자고? 이제와서 치매라고 얘기해줄려고?? 우리가 진단서랑 소견서 달라고 안했으면 언제까지 말 안할려고 그랬냐?",0
65e833031faa0e766c4d07ef,명지성모병원,정형외과 진료 받으러 갔었는데요. 의사분 정말 귀찮다는 태도로 대하네요. 병원비 강도당한 느낌이에요.,0
65e833031faa0e766c4d07f0,명지성모병원,지인이 119에 실려갔는데\n돈 없어서 저 기다리고 있다니까 엑스레이도 안찍어주고 저 오는 시간쯔음에 찍겠다고 그러네요 오죽하면 자원봉사자가 이상해보여서 얘기해주고 다니는 ㅋㅋ 병원수준보이네요ㅎ,0
65e833031faa0e766c4d07f1,명지성모병원,지 멋대로 나이롱 환자 판단하고 취급하고 진짜 재수없고 별로인 병원.,0
65e833031faa0e766c4d07f2,명지성모병원,전문성이 없이 검사만 많이 하는.,0
65e833031faa0e766c4d07f3,명지성모병원,직원분들 굉장히 친절합니다.\n환자를 대하는 진심도 느껴지고...\n하지만 아쉬운것은 이곳에 입원한지 29시간만에\n진료를 받았고 이상소견이 없어 퇴원해도 됩답니다\n그리고 병실에서 한시간정도 또 기다려야 한다네요\n어제 응급으로 mri찍었고 오후에 조형제넣고 mri\n한 번 더찍고 저녁에는 ct도 찍었는데 사진과 설명은 28시간후에나 들을 수 있었고 진료를 받을 수 있었네요 다른건 몰라도 응급으로 찍은 사진은 그 날 설명을 해주어야 하는거 아닌가요?\n인상 안쓰려 노력했지만 어쩔 수 없이 인상쓰게 되네요 또 하나 전날 밤부터 사물함이 안열려서 말씀을 드렸지만 다음날 아침에 수리 가능하다고하셔서 씻지도 못하는 불편함을 참았지만 아침은 커녕 다시 얘기하고나야 점심쯤 열 수  있었습니다,1
65e833031faa0e766c4d07f4,명지성모병원,뇌전문병원이고 친절하고 명확하고 너무 만족입니다.,2
65e8330a1faa0e766c4d07f5,엠케이비뇨기과의원,원장님 친절하시고 환자가 원하는 치료방법대로 진료봐주셔서 감사했습니다.\n시설도 깨끗하고 간호사분들도 친절하셨습니다.,2
65e8330a1faa0e766c4d07f6,엠케이비뇨기과의원,어머니 방광염 때문에 이 병원갔는데\n질병 설명하는데 말 뚝뚝 끊고\n엄청 불친절하여 마음에 상처를\n입었나봅니다\n오늘도 이야기하는데 또 이병원\n이야기하길래 들러서 \n댓글 한번 달고 갑니다,0
65e8330a1faa0e766c4d07f7,엠케이비뇨기과의원,간호사 선생님들 너무 예쁘고 친절하심.,2
65e8330a1faa0e766c4d07f8,엠케이비뇨기과의원,선생님 꼼꼼하고 친절함. 필요한 설명 다 해주심.,2
65e8330a1faa0e766c4d07f9,엠케이비뇨기과의원,성인 남성 질환에서는 매우 전문적. 자세한 설명은 생략한다. 치료가 매우 명쾌하나 섬세하지는 않다.,1
65e8330a1faa0e766c4d07fa,엠케이비뇨기과의원,간호사 선생님은 친절해도 의사선생님이 불친절하면 무슨 소용있나요. 아기 데리고 갔었는데 너무 불친절해서 다신안갈것같아요,0
65e833171faa0e766c4d07fb,대한산업보건협회부설 서울의원,,
65e833171faa0e766c4d07fc,대한산업보건협회부설 서울의원,전화해서 문의하려고 말하고 있는데 말 안끝났는데 끊어버림,0
65e833171faa0e766c4d07fd,대한산업보건협회부설 서울의원,접종시즌이라 그런지 사람이 많은데도 안내원분도 친절하시고 접종도 빠르게 진행되었습니다. 검진은 어딜 가든 다소 불친절할 수 있다고 생각해요. 반복적으로 많은 사람을 접하는 일이니까요.\n여기는 접종가가 다른 병원에서 맞는 것보다 낮은 편이어서 앞으로도 이용하려 합니다.,2
65e833171faa0e766c4d07fe,대한산업보건협회부설 서울의원,산부인과에선 8만원이였는데 지금 이벤트 해서 4만원이네요! 친절하시고 예방접종이 저렴해서 좋아요.,2
65e833171faa0e766c4d07ff,대한산업보건협회부설 서울의원,건강검진 하러 최근에 월요일 쯤에 다녀왔는데 친절하다고는 느껴본적은 없습니다.  키랑 몸무게 잴때도 의사분이신지 모르겠는데 너무 불친절 하시더라구요 피곤하시고 힘드신건 아시겠는데 다른 사람들 해주시는거 볼때 화를 살짝 내시면서 하시는데 저래도 되나싶고 너무 정신없는곳이 였어서 불러도 잘 안들리더라 구요..그리고 피뽑는거 받을때 진짜 세상에 이래도 되나 싶으실 정도로 의심스럽게 놓아주시더라 구요.. 처음에 놓으실때는 못찾으시겠다시면서 다른팔 보자시다가 여기도 안보인다고 하시고 다시 놓았던 팔보시더니 오른쪽에 혈관 보이시니까 거기다가 놓으시는데 계속 잘못놓으셔서 한 두번?정도 찌르시는데 너무아픈거에요.. 그래서 주사는 원래 아프니까 하고 참고 있는데 한 3분 정도 지혈하고 데일밴드 붙이라길래 그때 설문조사도 해야해서 손도없어서 손으로 못누르고 발로 굽혀서 지혈했습니다. 지혈 해주셨을때도 너무쎄개 해주셔서 아팠는데 결국 멍이 너무심하게 나서 현재까지고 멍이 너무 파랗게 물들어있더라구요.. 별로 추천하지는 않습니다..,0
65e833171faa0e766c4d0800,대한산업보건협회부설 서울의원,꼭 3시 50분 전까지 오세요! 4시반까지인줄알았는데 접수 안되네요,1
65e833171faa0e766c4d0801,대한산업보건협회부설 서울의원,평일오후 1시 방문. 사람도 없고 넓고 깨끗하고 굿~,2
65e833171faa0e766c4d0802,대한산업보건협회부설 서울의원,"접수안내 도와주시는 선생님들은 친절하십니다\n기본 신장,몸무게 재는곳 여직원분은 세상불친절하시네요\n대기시간 다소 있습니다",0
65e833181faa0e766c4d0803,대한산업보건협회부설 서울의원,"직원분들이 친절합니다\n재고 파악하려면 전화해야하는데 카톡,네이버톡으로 질문받으면 좋겠네요",2
65e833181faa0e766c4d0804,대한산업보건협회부설 서울의원,전화 연결이 너무 안돼요.\n어쩔수없이 그냥 갔더니 약이 없대서 접종도 못했어요\n왜이렇게 전화를 안받냐니까 일부 시설 공사중이라 시끄러워서 못받는대요 핑계가 참^^..\n만삭에 왔다갔다 헛걸음만 했네요\n임산부 백일해 없대요,0
65e833181faa0e766c4d0805,대한산업보건협회부설 서울의원,백신접종하러 갔는데 예방접종실 안에 접종안내해주시는 분 친절하셔서 좋았습니다. 감사합니다.,2
65e833181faa0e766c4d0806,대한산업보건협회부설 서울의원,,
65e833181faa0e766c4d0807,대한산업보건협회부설 서울의원,안내접수하시는 분은 친절하세요.\n어르신분들이 많이와서 천천히 또박또박 설명해주시는게 정말 친절하신거 같습니다. (다만 젊은 사람은 속터질 정도로 늦음)\n혈압 측정하시는 여자분 어르신이 잘 못알아들으니까 목소리 크게 짜증나는 말투로 말하고 외투 벗으라는거 못알아들으니까 외투 벗으시라구요 귀가 안좋으신가보다 하면서 다 들리게 면박주는거 보니 인성이 쓰레기인가봐요.\n본인이 나중에 그런 취급당해보면서 후회했으면 좋겠네요,1
65e833181faa0e766c4d0808,대한산업보건협회부설 서울의원,혈압을 손으로 측정하는 건강검진센터는 처음 봄.\n엑스레이 찍는 직원 불친절.,0
65e833181faa0e766c4d0809,대한산업보건협회부설 서울의원,"욕먹는데 이유가 있었다.\n일하시는 분들도 진짜 고생하시는건 맞는데,\n손님, 우리같은 일반인들도 짜증날 수 밖에 없다.\n가격이 싸서그런지, 아님 주변에 단지가 집중되있어 사람이 몰리는건지 둘 다 그래서인지 몰라도\n사람이 진짜 존1나 많다. 그래서인지 너무 정신이 없다. 어르신들은 또 귀가 어두우니까\n계속 옆에서 짜증내고 이게 느낌이 딱 어디 시골종합병원갔을때 느끼는 기분과 같다. 사람은 많고 업무보는 사람은 적고, 정신이 사나울수 밖에 없네.\n\n내년부턴 안가기로 생각하는 것과 별개로\n일하시는 분들 모두 고생하십니다. (총책임자빼고) 화이팅입니다!",0
65e833181faa0e766c4d080a,대한산업보건협회부설 서울의원,타 병원에 비해 저렴해서인지 사람들이 붐벼서 정신이 없었지만 그래도 엑스레이 찍는 여직원이 시계 놔두고 갈뻔한거 챙겨줘서 고마웠음,2
65e833181faa0e766c4d080b,대한산업보건협회부설 서울의원,입구에서 체온 측정해주는 사람은 친절하지만 엑스레이 찍는 여자직원은 불친절 창구 여자직원도 그저 그럼 엑스레이실 여자 진짜 웃긴 게 같이 일하는 남자직원한테 하는 말투랑 고객 대하는 말투가 다름 남자직원한테는 그냥 잘 웃고 친절한 말투 쓰고 거기 온 사람들한테는 기분 나쁜 말투 남자직원도 그냥 그래요 쯧 다른 사람은 그런 말투 니한테 쓸 줄 몰라서 안 쓰는 줄 아냐,0
65e833181faa0e766c4d080c,대한산업보건협회부설 서울의원,대체적으로 불친절한 편. 업무량이 많아 그런 것 같아 이해는 갑니다만 애먼 사람들에게 짜증내지 마세요. 요즘 다들 먹고 살기 힘듭니다. 뭐라고 하려다가 아침부터 나쁜 소리 하기도 싫고 다른 사람들한테 또 짜증낼까봐 참았습니다.,0
65e833181faa0e766c4d080d,대한산업보건협회부설 서울의원,진짜 엄청 불친절해요 전화로 안내해주시는 남성분;;,0
65e833181faa0e766c4d080e,대한산업보건협회부설 서울의원,02 866 9346 & 위에 전화번호 안 받아요. 다산 콜센터 통해서 연락하시길,0
65e8331f1faa0e766c4d080f,하나정형외과의원,,
65e8331f1faa0e766c4d0810,하나정형외과의원,노인네들이 말 진짜 안듣는데 간호사님 인내력이 엄청납니다.,2
65e8331f1faa0e766c4d0811,하나정형외과의원,간호사샘들 의사샘 다 너무 친절하시고 병원을 기분좋게 왔다갔다했네요.ㅎㅎ 치료도 잘되었어용,2
65e8331f1faa0e766c4d0812,하나정형외과의원,간호사분들 되게 친절미 납니다!,2
65e8331f1faa0e766c4d0813,하나정형외과의원,마스크 안차고 왔다고 나가라 함ㅋㅋㅋㅋ 이해는 되지만 기분 더러움,1
65e8331f1faa0e766c4d0814,하나정형외과의원,여기 잘하는 거 같아요. 진료비 폭탄도 아니고 정말 모든 간호사 분들도 그렇고 의사선생님도 항상 한 분 한 분 기억해주시고 집 근처 병원인데 늘 미소 짓는 얼굴로 반겨주십니다 :) 그리고 무엇보다도 어르신분들께 친절히 잘 설명해주시는 거 같아요. 몇 년 전에 리뷰 달린 거 보고 속상해서 후기 남겨요 !,2
65e8331f1faa0e766c4d0815,하나정형외과의원,항상  붐비고  바뿐데도  직원분들 모두가 친절  신속하게  치료 잘 해주시네요 .,2
65e8332c1faa0e766c4d0816,상쾌한이비인후과,별점이 낮은 이유가 있어요 데스크 조무사분들 불친절 하네요 다시는 안 갑니다,0
65e8332c1faa0e766c4d0817,상쾌한이비인후과,의사도 접수받는 간호사도 불친절..과한 친절을 요구하는게 아니라 기본적인건데 사람을 다하는 태도 자체가 그냥 틱틱댐... 아픈사람이 좋아서 병원가는것도 아닌데 기분만 더 나빠짐 + 약도 그냥 이 증상이던 저 증상이던 다 똑같음ㅋㅋㅋ,0
65e8332c1faa0e766c4d0818,상쾌한이비인후과,의사쌤들 다 친절하대서 갔음. \n절대 재방문 의사 -200%임\n\n들어가서 앉지도 않았는데 왜오셨어요? + 표정부터가 별로였음. 진료할때 문 활짝 열고 하는게 오? 싶었음. \n\n콧물도 안나오고 목도 안부었는데 기침이 자꾸 난다함. \n난데없이 여의봉 같은 면봉으로 콧구멍을 찌르더니 기관지 터치하고 면봉님 나가심. (이제 목이겠지 싶었지만) 이대로 끝. \n열나고 기침나고 아파죽겠는데 키트는 계속 음성나와서\n\n그래도 의사이시니까 물어보자 싶어서\n자가키트해서 안나오면 아니겟죠? 했드만\n코로나 걸려보셨자나요? 의심되면 뭐 해보셔도되시고\n\nㄹㅇ 병원 왜갔는지 모르겠고 걍 진료비 오천원으로 쌍화탕 다섯병 원샷 때리는게 낫습니다.  \n\n그리고 처방전 받았더니\n저 어디 약국 매입하러왔어요? 세상 이렇게 약 많이 써있는건 첨봤어요 .. 너무 당황스럽더라고요? 검사도 뭐없었어요. 진짜… 최소한 사람의 병을 진단하고 치료해주시는 분이시면 본인 감정보다 아픈사람을 위해주시는 의사가 되셨으면 좋겠네요.,0
65e8332c1faa0e766c4d0819,상쾌한이비인후과,후기보고 걱정하면서 갔는데 선생님 너무 친절하시고 좋았습니다bb 약도 저한테 잘맞아서 잘낫고 있는것 같아요 이사온지 얼마안됐는데 이비인후과는 여기로 정착합니다,2
65e8332c1faa0e766c4d081a,상쾌한이비인후과,"7시까지 진료본다고 되어있고.\n6시45분에 도착하니, 대기환자도 없은데 간호사분께서 진료안본다고..\n의사쌤은 들여보내라고 하셔서 들어가는데,\n간호사분이 ""뒤에서 아이씨...?""애 때문에 참았습니다.",0
65e8332c1faa0e766c4d081b,상쾌한이비인후과,,
65e8332c1faa0e766c4d081c,상쾌한이비인후과,신속항원 검사하고 왔는데 이비인후과라 그런지 지금까지 가본 곳들중에 가장 깊이 찌릅니다. pcr보다도 더요. 그리고 의사쌤이든 데스크에 계신 분들이든 특별히 친절한건 못느꼈고 의사쌤의 경우 먼저 적극적으로 알려주시기보단 무언갈 물어봐야 간단히 대답해주시는 스타일이셨습니다.,1
65e8332c1faa0e766c4d081d,상쾌한이비인후과,간호사 표정 띠껍고 불친절함. 의사는 돌팔이 중 상 돌팔이임. 자기가 앞에 한말 논리적으로 다 틀리고 ~할거다 예측하며 말하는경향이 있는데 차라리 그딴말을 하지나 말던가 전혀 신뢰가 가지 않음. 그리고 첨 볼때 부터 왜 왔냐? 이런식으로 대하고 개띠꺼움 그래서 뭘 해주면 되냐는 말이 개웃겼다 ㄹㅇ 절대 이딴곳 두번다시 안감,0
65e8332c1faa0e766c4d081e,상쾌한이비인후과,신속항원검사 바로하고 약까지 처방해줘서 편하네요. pcr검사 여러번 해봤지만 여기처럼 아픈곳은 처음이네요ㅠㅠ,1
65e8332c1faa0e766c4d081f,상쾌한이비인후과,코로나 검사를 위해 방문했는데 피가 날 정도로 코를 후비시네요. 검사 후 양쪽 귀가 아플 정도이고 코랑 목에 없던 이물감이 들어 침을 뱉어보니 피가 섞여있더군요. 분명 국가에서도 옳지 않은 방법이라고 재차 공지한 걸로 알고있는데 말이죠. 혹시나 나이가 있으시거나 기저질환이 있으신 분이면 감염하는 건 아닐까 걱정이 되더라구요.\n\n본인과 가족의 코로나 검사를 위해 2회 방문하였는데 의사분에게 질문 단 하나 했을 뿐인데 귀찮다는 걸 넘어서 화풀이 하는 식으로 답변을 하시네요. 한 번이면 그럴 수도 있겠지라며 넘어갈 수도 있으나 다른 리뷰도 그렇고 두 번 방문 모두 같네요. \n\n코로나환자로 바쁘고 힘든 건 알겠지만 그걸 왜 환자가 감내해야 하는 지 이해할 수 없네요.,0
65e8332c1faa0e766c4d0820,상쾌한이비인후과,신속항원 검사하고 확진 나왔네요..\n검사 인원들도 많고하니 간호사분들은 \n다소 예민한 반응으로 별 하나 뺍니다.\n원장님은 친절하시고 유쾌하시네요.,1
65e8332c1faa0e766c4d0821,상쾌한이비인후과,신속항원 검사 하고 왔습니다. 천철합니다.,2
65e8332c1faa0e766c4d0822,상쾌한이비인후과,의사 맞나요? 환자를 두려워하고 말투가 상대방을 짜증나게 만드네요. 별 한개도 아깝습니다.,0
65e8332c1faa0e766c4d0823,상쾌한이비인후과,"의사 정말 최악입니다. 코로나 보건당국 가이드도 잘 숙지 못하고 있고, 말투나 태도가 환자에 대해 배려가 전혀 없습니다.",0
65e8332c1faa0e766c4d0824,상쾌한이비인후과,의사선생님께서 잘 챙겨주시는 것 같아요,2
65e8332c1faa0e766c4d0825,상쾌한이비인후과,의사샘 친절하고 진료잘보세요^^ 이곳에 이런 명의가?!,2
65e8332c1faa0e766c4d0826,상쾌한이비인후과,친절하시고 설명도 잘해주시고 고객맞춤형으로 해주시려고 하시는 게 좋아요. 접수처 간호사님은 처방전 나왔는데도 안불러주시고 그냥 계속 두고 앉아만 계시더라구요. 그냥 계속 두시길래 제가 가서 말했더니 그때야 아 맞다 하시며 주시더라구요.,1
65e8332c1faa0e766c4d0827,상쾌한이비인후과,전화받는  간호사인지  조무사인지부터  교체해야 될듯합니다    반말로 응응 이멉니까  제귀를 의심했네요,0
65e8332c1faa0e766c4d0828,상쾌한이비인후과,"기침이 너무 심해서 병원에 갔는데 목이 깨끗하다 하시면서 코만 보시다가 코뼈가 휘었고 알레르기때문이라고 하셔서 엥?? 이런 느낌이었는데 처방약 다먹고 나아지지 않고 더 심해진터라 다른 이비인후과갔을때 증상설명하니 이비인후과 질환이 아니니 내과로 가라고 안내받고 다시 내과가서 기관지염약 받았어요\n\n기침의 원인은 여러가지가 있을 수 있고 또 그때는 정말 제가 알레르기가 있어서 그랬을지는 모르겠지만 제가 다시간 다른 이비인후과병원에서는 오진이니 이건 내과질환으로 가라고 내과에서 본다하셔서 저는 다시 갈일은 없을듯..\n간호사, 의사분 친절하시고 보니까 사람도 많이 가고 또 뭐 사람마다 차이는 있겠지만 참고하시라고 올려요",0
65e833501faa0e766c4d0829,서울연세안과의원,진료도 대충봐 맨눈 만지는데 위생관념도 없어\n눈에 이물감 느껴져서 안과 온건데 면봉으로 대충.. 이런거면 집에서 혼자도 할수있음\n눈 후벼파고 쥐어짜고 여태 갔던 모든 진료과 병원 중 최악\n곧 눈병걸릴듯\n여기의 유일함 장점) 6시반까지는 함\n야간진료 하나때문에 그나마 사람들 오는듯\n본인은 앞으로 이딴곳 절대 안가고 다른 안과 다시 갈 예정,0
65e833501faa0e766c4d082a,서울연세안과의원,"4번방 이원장님 진료 늘 좋으시고 접수,수납 해주시는 분들 항상 친절해서 좋아요~",2
65e833501faa0e766c4d082b,서울연세안과의원,안구에 상처나서 전화해 6시 10~15분쯤 도착예정인데 가도 되냐 하니 오라고 했는데...\n막상 가니 진료 마감까지 시간이 남았는데도 진료 마감이라고 안받음(6시 15분안되서 도착함)\n사정사정했는데도 지금 받음 자기들 7시에 퇴근해야한다고 안받음...\n혹시 다른데 야간진료하는데 있는지 알아봐줄 수 있는지 사정사정해 물었는데... 모른다고 하다가 귀찮은 듯 툴툴거리며 알려줌....,0
65e833501faa0e766c4d082c,서울연세안과의원,데스크 접수받는 간호사? 너무 싸가지없어요ㅋㅋ 의사선생님은 좋은데 이 사람때문에 가기싫음,1
65e833501faa0e766c4d082d,서울연세안과의원,시력이 안 좋아져서 오랜만에 방문했는데 친철하고 설명도 잘 해주셨어요. 토요일에 안과 오픈한곳이 여기가 가장 가까웠는데 너무 만족스럽습니다.,2
65e833501faa0e766c4d082e,서울연세안과의원,2021년 12월말 눈수술 후 지금까지 멀쩡,2
65e833501faa0e766c4d082f,서울연세안과의원,뒤에 일정이 있어서 대기시간 물어보니 20분이면 가능하다고 해서 기다렸는데 한시간 넘게 기다렸어요\n30분 넘어서는 곧 부르겠지\n40분 넘어서는 기다림이 아까워서 기다렸는데\n인공눈물 하나 처방 받는데 한시간 넘게 기다리다니 절대 재방문 안합니다,0
65e833501faa0e766c4d0830,서울연세안과의원,열흘 전에 공석준 원장님께 M라섹 수술을 받았습니다. 수술 관련해 걱정하지 않도록 매우 상세하고 친절하게 설명해주셔서 진료를 받으면 마음이 편안해집니다. 집에서 아주 가까운 병원은 아니지만 앞으로도 안과에 가야하면 꼭 공 원장님께 진료를 받겠습니다. 감사합니다. ㅎㅎ,2
65e833501faa0e766c4d0831,서울연세안과의원,"라섹 수술 후 아주만족중\n병원도 크고 시설도 깨끗하고\n원장님,검안사,간호사분들 전부 친절하심\n주차도 타워주차장 이용하면되서 아주편함",2
65e833501faa0e766c4d0832,서울연세안과의원,남자의사분 눈 만지시는데 맨손으로 눈 만지셔서 너무 찝찝했습니다. 병원에서 위생은 기본 아닌가요..? 안과 갔다가 눈병 걸릴까봐 못 가겠네요. 최소한 면봉이라도 써주시면 좋을 것 같아요.,1
65e833501faa0e766c4d0833,서울연세안과의원,"여자교수님은 친절하고 차분하셨는데,\n남자교수님은 누가봐도 환자를 쳐내는 느낌이였어요. 앉자마자 정신없이 후다닥진료보고 진료 끝났다고 말로하면 되는걸 눈치로 말하는게 어이없음요",1
65e833501faa0e766c4d0834,서울연세안과의원,음...왜 평점이 뱔로인지는 알것같아요\n엉청 불친절까지는 아닌데\n확실히 성의는 없어요,0
65e833501faa0e766c4d0835,서울연세안과의원,시력교정술은 워낙 부작용 이야기가 많아서 \n정보 찾던 중에 보수적으로 검사한다고해서 찾아가봤습니다.\n비용이 무료라고 해서 처음에는 제대로 할지 의심이 들었는데\n실제로 검사만 1.5~2시간 정도일정도로 꼼꼼히 보시는 느낌이었어요.\n결론적으로 교정불가 판정 받았음에도 비용도 없고 친절하게 잘해주셨습니다.\n저랑 비슷한 고민 가지신 분들이라면 추천드립니다.,2
65e833501faa0e766c4d0836,서울연세안과의원,수술 잘 해주셨어요 원장선생님도 친절하세요~\n몇 년 지나봐야 알겠지만 시간 꽤 지났는데 지금까지는 정말 수술 잘 했구나 싶어요,2
65e833501faa0e766c4d0837,서울연세안과의원,무통라섹수술 받고 6개월 지났는데 매우 만족스럽습니다. 여기서 수술받길 잘한 것 같아요,2
65e833501faa0e766c4d0838,서울연세안과의원,가서 진료 받았는데 접수해주시는 분들도 친절하고 원장님이 꼼꼼하게 잘 봐주셔서 좋았어요,2
65e833501faa0e766c4d0839,서울연세안과의원,라섹하려고 몇군데 상담받고 결국 여기서 하게되었고 지금 5개월차인데 너무 좋아요!! 라섹후기 보면 부작용때문에 고민 많이 했었는데 결국 잘한 결정이 되었습니다. 라섹때문에 검안 고민하신다면 여기서도 한번 받아보세요!!! 고도근시로 유명하지만 전 고도근시는 아니었고요 목표시력 1.0 1.0 현재 1.2 1.2 나와요ㅎㅎ,2
65e833501faa0e766c4d083a,서울연세안과의원,라섹수술하고 너무만족스러워서 후기 남깁니다 유명한 병원이라 그런지 갈때마다 항상 사람이 많아서 대기는 좀 있지만 궁금한거 여러가지 물어봐도 전부 친절하고 상세하게 대답해주셔서 좋았습니다,2
65e833501faa0e766c4d083b,서울연세안과의원,진료받으려다 눈손상생기겠어요. 검사들이 죄다 눈이 아프게해요. 마지막 의사진료도 눈이 아픕니다. 알고 당하세요  검사여러가지 받았는데 다 받고나니 정상이래요 어 내눈….,0
65e833501faa0e766c4d083c,서울연세안과의원,10년 동안 렌즈끼다가 지인소개 받아서\n여기서 라섹받고 지금 4년차\n시력 잘 유지중임 친절했음 추천,2
65e833501faa0e766c4d083d,서울연세안과의원,과잉진료없고 친절한디 왜 별점낮은지 모르겟네;;,2
65e833511faa0e766c4d083e,서울연세안과의원,여기서 라섹한지 한달 됐어요. -9 초고도근시였는데 한달만에 시력 거의 1.2~1.5 나왔어요. 집에서도 가깝고 원장님 및 검안사 친절해서 좋아요! 흑흑 진작할걸 ㅠㅠㅠ 새로운 눈으로 새 삶을 사는 중...,2
65e833511faa0e766c4d083f,서울연세안과의원,원장님 친절하시고 병원 분위기도 깔끔하고 좋아요^^,2
65e833511faa0e766c4d0840,서울연세안과의원,검안하고 라섹 수술한지 4개월 정도 지났는데 너무 만족하고 있습니다. 검진 받으러 갈때마다 잘 봐주셔서 넘 좋아요!!,2
65e833511faa0e766c4d0841,서울연세안과의원,멀리서 방문해서 좀 불안했는데 잘 간거 같네요. 궁금한게 많아서 질문도 많이 했는데 답변도 잘해주셨네요 추천합니다,2
65e833511faa0e766c4d0842,서울연세안과의원,꼼꼼하게 잘봐주셨어요\n\n직원들도 친절하세요\n\n감사합니다,2
65e833511faa0e766c4d0843,서울연세안과의원,환자 많은데 꼼꼼하게 잘 봐주세요 \n라섹수술 검사랑 설명 의사가 직접해주는곳은 처음이라 좋았어요 전 추천해요,2
65e833511faa0e766c4d0844,서울연세안과의원,진료볼때 원장님 자세히 설명해주셔서 좋았어어요 진료보고 나가려고 했는데 나가는문을 못찾아서 헤매고 있었더니 달려오셔서 친절히 안내해주시고 넘 감사했어요,2
65e833511faa0e766c4d0845,서울연세안과의원,다른 직원분들은 친절하신데 진료보신 의사분.. 진료보면서 하는 검사가 눈을 정말 힘들게 하는 검사였는데 첨부터 막 가까이하라 짜증내시더니 잘 안되니깐 계속 짜증내고 혼잣말로 뭐라하시고 ..진료보고 정말 불쾌했네요..여기후기보고 설마..했는데 가지말걸 그랬어요.. 시간이 맞아서 간곳이었는데..,0
65e833511faa0e766c4d0846,서울연세안과의원,라섹수술한지 3개월 됐는데 웬만하면 후기 안남기는데 수술경과도 넘 좋구 원장님이 진짜 꼼꼼하시고 젠틀신듯! 환자가 늘 많아서 대기시간이 약간 있긴하지만 이것저것 많이 물어봐도 친절하게 답변해주셔서 감사합니다!,2
65e833511faa0e766c4d0847,서울연세안과의원,6시 지나고 눈 흰자가 고름 생기듯이 부어올라서 진료중인곳 겨우 찾아 급하게갔는데 앉자마자 짜증내듯이 툭툭 내뱉고 말 하고 진료 앉을3ㅐ 부터 나갈때 까지 다 포함해 10초 걸렸습니다 진료 자체는 눈 1초 끝 간호사 문제 많은 곳은 봤어도 의사가 진짜 이렇게 ♪♩♪♩없는 곳 처음 봄,0
65e833511faa0e766c4d0848,서울연세안과의원,아니 다래끼 안쪽에 고름 찬게 없다고 하면서 무조간 겉으로 째야하고 째도 딱딱해져서 의미없을 거라고 그 말에 그럼 어떻게 되는 거냐고 불안해서 물어보는 환자한테 그럼 평생가지고 가야죠 라고 말하는 의사. 다른  병원에서 안쪽에 다 고름이라면서 사진찍어 보여주고 바로 째주더군요. 겉으로 째면 흉터가 남을 거라면서. 엄청난 오진에 책임감없는 말투까지. 정말 가지마세요.,0
65e833511faa0e766c4d0849,서울연세안과의원,최악...눈이아파 갔더니 한시간을 기다려도 30분 더기다리라네...\n돈되는거만 빨리하나?,0
65e833511faa0e766c4d084a,서울연세안과의원,진료 빠르고 좋았어요 \n환경도 좋고요,2
65e833511faa0e766c4d084b,서울연세안과의원,뒷사람이 먼저 진료받고 계산 하고 감,1
65e833511faa0e766c4d084c,서울연세안과의원,(수정) 2018 라섹 받았던 곳. 공장식 아니어서 했고 친절하셨음. 근데 2021 현재 원래대로 돌아왔다.. 건조증 때문일 가능성이 높다고 하셨지만 시력 자체의 문제인 것으로 다른 안과에서 진단받음. 근데 이건 내가 눈 관리에 소홀하긴 해서 안과만의 문제라고 하긴 어렵긴 하다.,1
65e833511faa0e766c4d084d,서울연세안과의원,다초점백내장 수술 잘받았어요 만족해요 의사선생님도 직원도 만족해요,2
65e833511faa0e766c4d084e,서울연세안과의원,소아 약시와 남편 검진을 위해 방문했습니다. 카운터 왼쪽 원장실에 계신 공석준 원장님께서 봐주셨습니다. 검사 전 자세한 설명과 검사하는 동안 아이가 시끄럽게 울었는데도 엄청 친절하게 설명 잘 해주시고 잘 봐주셨어요. 엄마인 제가 더 민망했네요ㅎㅎ앞으로 안과 갈 일 있으면 공원장님께만 다니려구요. 공석준 원장님 감사합니다^^,2
65e833511faa0e766c4d084f,서울연세안과의원,일주일전에 라섹수술받았구요\n검안사님 원장님 모두 친절하시고 병원도 쾌적해서 너무 좋았어요.\n항상 고생하십니다๑·̑◡･̑๑,2
65e833511faa0e766c4d0850,서울연세안과의원,괜찮은 한데 좀 비싸고 대기가 길어요,1
65e833511faa0e766c4d0851,서울연세안과의원,의사대충함  별로,0
65e833511faa0e766c4d0852,서울연세안과의원,"다래끼가 자주 나는 편이라 갔습니다. 단순 안구건조증이라 하셨습니다. 사전검사 두 개 하고, 대기도 오래 했는데 진찰은 금방 끝나더군요. 다래끼일 가능성 없냐 여쭤도 아니라 하셨는데.. 차도가 없어서 다른 곳 갔더니 다래끼 심해질 때까지 왜 놔뒀냐고 째고 왔습니다. 공연히 처방받아 사온 안약과 인공눈물 두 박스를 보니 눈이 아니라 마음이 아픕니다..",0
65e833511faa0e766c4d0853,서울연세안과의원,라섹 라식 렌삽에 있어서는 완벽해용 공장식 아니라서,2
65e833511faa0e766c4d0854,서울연세안과의원,의사는 대충대충 진료보고 진료비는 다른 곳보다 비쌈. 간호조무사는 진짜 불친절. 얼마나 걸리냐고 물어보니깐 째려보면서 짜증나는 말투로 얘기하는데 어이가 없어서 다시는 안감.,0
65e833511faa0e766c4d0855,서울연세안과의원,생각했던 것보다 병원도 크고 기계도 많고 원장님들도 설명 잘 해주시고 좋았습니다,2
65e833511faa0e766c4d0856,서울연세안과의원,병원이 엄청 바빠보이네요\n대기는 좀했는데 진료는 잘봐주셨어요,1
65e833511faa0e766c4d0857,서울연세안과의원,진짜 진료 개대충함. 3초면 끝남. 불친절함. 간호조무사들도 불친절함. 갈 이유 없음. 과잉진료 진료비만 많이나옴,0
65e833511faa0e766c4d0858,서울연세안과의원,이런 진료는 처음이었습니다 이런 사람이 의사라는게 애석하네요 진짜,0
65e833511faa0e766c4d0859,서울연세안과의원,"매년 정기 검진하는데  다른곳보다 항상 꼼꼼하고 친절하게 봐주셔서 부모님검진때도 같이 오려구요,,ㅎㅎㅎㅎ 분위기도 전체적으로 좋네요^_____^",2
65e833511faa0e766c4d085a,서울연세안과의원,대기시간이 오래 걸린다는건 그만큼 그 병원을 찾는 사람들이 많다는거겠죠.. 회사 근처라서 간지럽거나 다래끼 났을 때 자주 가는데 딱 필요한 검사만 하고 처리도 빨라서 전 좋던데요.. 직원분들도 친절하시고 항상 만족해서 글 남깁니다!,2
65e833511faa0e766c4d085b,서울연세안과의원,밑에공장같다는분 진짜 강남에 공장식 병원 안가보셨나봄. ㅡ9정도 초고도근시인데 강남3군데 그리고 여기 검안해보고 원장님이 믿음이가서 라섹하고 7개월째인데 1.2ㅡ1.5나오고있음.,2
65e833511faa0e766c4d085c,서울연세안과의원,의사가 너무 성의 없네요 돈안되는 라식라섹환자가 아니라 그런가??? 왠만하믄 다른데 권해드리고 싶네요.  병원이 아니고 라식라섹공장 같은 분위기 입니다.,0
65e833511faa0e766c4d085d,서울연세안과의원,저는 수술받으러 갔었는데 지금 한...3개월 정도 된거 같은데 정말 다른세상 같아요!!ㅎㅎ 왜 여태 안했나 싶을정도 입니다 ㅠㅠ\n고민이신분들은 꼭 수술받으세요 행복합니다~ 정말 삶의 질이 달라져요 에어팟 나온 이후로 달라진 느낌이랑 같습니다 ㅋㅋㅋㅋㅋㅋ,2
65e833511faa0e766c4d085e,서울연세안과의원,의사는 없고 라식 기술자만 있는 병원.\n대학병원 가서 치료 받았습니다.,0
65e833511faa0e766c4d085f,서울연세안과의원,검사 장비도 많고 시설도 깨끗하고 좋음.\n직원들이나 의사선생님도 친절하고 상세하게 진료 봐주던데 별점 1점 뭥미?,2
65e833511faa0e766c4d0860,서울연세안과의원,진짜 너무 무성의해요...... 20초 진료 ㄹㅇ입니다,0
65e833511faa0e766c4d0861,서울연세안과의원,진료 20초 본듯? ㅋㅋㅋㅋㅋㅋㅋ 휴...,0
65e833511faa0e766c4d0862,서울연세안과의원,절대 가지 마세요. 댓글 다는 거 처음인데 오진 심합니다. 대학병원가보니 아데노바이러스라는 눈병이라네요. 진료 대충합니다. 안좋다는 댓글보고 혹시 했는데 역시나입니다.,0
65e833511faa0e766c4d0863,서울연세안과의원,밑에 리뷰는 사실 이였습니다\n저는 1분도 안걸린듯 \n어이가 없어서\n페이닥터라도 그런식으로 진료 하시면 안되죠\n오너라면 신기하구요 병원안망한게,0
65e833511faa0e766c4d0864,서울연세안과의원,"리뷰가 안좋은거 알면서도 어쩔 수 없이 회사 근처라 간건데... 역시나. \n저 진료 보는데 1분 걸렸어요.\n눈이 많이 건조해서 상처가 나서 그러니 인공눈물 자주 넣어 주라는 말... 은 저도 하겠네요.\n환자에게 질문은 하나도 안하고 정말 1분도 안걸리는 진료...\n제가 뭐 물어봐도 별 다른 설명도 안해 주셨어요. 페이 닥터 인것 같은데, 일하기 싫은 날도 있다는건 이해 하지만... 너무 성의 없어요.",0
65e833511faa0e766c4d0865,서울연세안과의원,공장 느낌.. 오진.,0
65e833511faa0e766c4d0866,서울연세안과의원,진료가 너무 성의 없어요. 원인도 물어봐야 겨우 대답해주고 병원보단 공장같네요.,0
65e833511faa0e766c4d0867,서울연세안과의원,최근에 눈이 점점 아파져서 갔는데 의사가 10초 슥 보고 구체적인 설명도 없이 내보냈어요. 아무리 바빠서라지만 이렇게 대충 진료보는 곳 처음봤습니다.. 10초본다고 진료비가 싼 것도 아니구요. 황당하네요.,0
65e833511faa0e766c4d0868,서울연세안과의원,요즘 눈이 자꾸 시리고 침침해져서 시력검사 받으러 갔는데\n앞에 검사 받는 사람 진짜 많았는데도 검사해주시는분들\n대충 안해주고 진짜 꼼꼼하게 검사해주신다‧⁺◟( ᵒ̴̶̷̥́ ·̫ ᵒ̴̶̷̣̥̀ )\n뭐 물어보면 친절하게 대답해주고ㅠㅠ체고\n검사 대충 안하니까 오래걸리는 거 인정ㅠ\n좀 기다리더라도 안과는 여기로만 다닐것같다,2
65e833511faa0e766c4d0869,서울연세안과의원,김민주 검안사님 정말 친절하십니다. (최고)(최고) 짱짱. 이동민 전문의 선생님도 정말 훌륭하고 친절하고 인격적으로도 느끼기에 좋으신 분입니다.\n\n두번째 방문부터는 별로라서 1점 뺌.... 물어보는데 답도 안하고 지들끼리 카운터에서 떠들고 난리....ㅋ,2
65e833511faa0e766c4d086a,서울연세안과의원,친절하시던데.. 인포도 3분이서 보셔서 접수나 수납 금방 처리해주시고 대기시간이 긴건 병원잘못아니지않나... 진료도 꼼꼼하게 봐주심. 다해서 15분도 안걸린듯,2
65e833511faa0e766c4d086b,서울연세안과의원,병원 깔꿈하지만 의사 진료 30초 봄 ㄴㅋㅋ 어이없음\n여자의사가 엄청 불친절함 \n간호사들도 그닥,0
65e833511faa0e766c4d086c,서울연세안과의원,미리 전화로 검사 및 수술 예약했었는데 직원 분들도 친절하시고 검사도 대기없이 잘 진행됬어요 총 40분 정도 걸린것같아요. 검사결과도 저세히 설명해주셔서 좋았습니다.,2
65e833511faa0e766c4d086d,서울연세안과의원,2019년 7월 방문.\n시설 깔끔이외 대기 너무 많고 시간 엄청 걸림.\n사람 많아서 진료 대충 봄.\n진료 1분에 대기 40분. 최악.\n눈검사 5분에 대기 또 40분.\n정말 최악.\n거기에다가 카운터 완전 불친절.\n최악중에 최악,0
65e833511faa0e766c4d086e,서울연세안과의원,시설 깔끔합니다. 안내해주시는 분들도 친절합니다.,2
65e833511faa0e766c4d086f,서울연세안과의원,,
65e833511faa0e766c4d0870,서울연세안과의원,카운터 직원분 불친절합니다;;전화 예약해야하나 미리 연락드렸을때도 그닥 친절하진않앗는ㄷㅔ 방문하니 더 불친절하네요,0
65e833511faa0e766c4d0871,서울연세안과의원,카운터분 너무 불친절해요. 물어보니까  정색하면서 단답하시고 뭐 무서워서 물어보지를 못하겠네요. 더운데 헛걸음하고 기분만 상한 병원이었습니다.,0
65e833511faa0e766c4d0872,서울연세안과의원,카운터 계시는 분들이 말투가 딱딱하긴 한데\n의사분들이랑 하드렌즈 하시는 분들 굉장히 친절하고 꼼꼼해요\n처치도 빠르고 정확한 것 같고요\n좋습니다\n안과는 일부러 찾아서라도 여기로만 가요 ㅎㅎ\n직장 근처라 걍 가 본 덴데 만조쿠 해서 여기만 감\n♡＼(´▽ `)ノ♡,2
65e8335a1faa0e766c4d0873,연세내과의원,원장님이 친절하시고 진료도 꼼꼼하게 잘 봐주십니다.\n시설도 깨끗하고 좋았어요!,2
65e8335a1faa0e766c4d0874,연세내과의원,의사 선생님 좋으세요,2
65e8335a1faa0e766c4d0875,연세내과의원,"진료받으면서 증상 설명하기도 전부터 넘겨짚어 처방작성하는 부분부터 신뢰가 가지 않습니다. 환자 상태를 들어준다는 느낌도, 증상에 대해 제대로 설명해준다는 느낌도 없었구요, 환자가 많아 빨리빨리 쳐내는 듯한 느낌이었습니다. 리뷰가 다른 방문객들에게 도움이 되었으면 합니다.",0
65e8335a1faa0e766c4d0876,연세내과의원,친절하시고 상세하게 설명해주십니다~,2
65e8335a1faa0e766c4d0877,연세내과의원,의사 선생님 친절하시네여!.. ㅣ,2
65e8335a1faa0e766c4d0878,연세내과의원,내가 병원에 온건지 욕쟁이 할머니국밥집에 온건지\n내원한 환자에게 반말을 섞어서 사용합니다.\n일단 태도에서 기분이 나빴습니다. 게다가 약을 못챙겨먹어서 남았다고 하니 그게 자랑이냐고 하면서 맘에 안들면 다른병원 가라고 하더군요. \n기가막히네요 별 한개도 아깝습니다.,0
65e8335a1faa0e766c4d0879,연세내과의원,공휴일에도 오전 진료 꾸준히 해주시고 친절하시고 진단이 명확하세요 ㅎㅎㅎ 아플때 항상 먼저 찾아가게 됩니다 :),2
65e8335a1faa0e766c4d087a,연세내과의원,항상 사람들이 넘치는데도 지친 모습없이 꼼꼼히 진료해주세요!,2
65e833661faa0e766c4d087b,구로나르샤정형외과,,
65e833661faa0e766c4d087c,구로나르샤정형외과,의사가 상당히 불친절합니다. 개인적으로 증상에 대해 좀 설명하려고 하는데 손님들 많은데 언제 주구장창 들어주느냐는 식으로 대하네요. 내가 뭐 의사 붙잡고 20~30분 얘기하자는 것도 아닌데. 다른 분들은 어땟는지 모르겠으나 저는 그렇게 느꼈습니다. 참고하세요. 그리고 악플도 아닌데 후기 삭제하거나 하는 유치한 짓은 하지 마시죠? 누구의 짓인지는 모르겟지만요. 있는 그대로를 설명한 것 뿐이니까요.,0
65e833661faa0e766c4d087d,구로나르샤정형외과,,
65e833661faa0e766c4d087e,구로나르샤정형외과,의사선생님은 너무 좋은데 운동치료 선생님이... 인사도 안하고 인사해도 안받고 무시하네요; 이런 물리치료사 처음 봤어요.,0
65e833661faa0e766c4d087f,구로나르샤정형외과,원장님 너무친절하고 병도치료하네요 그런데 카운터  불친절하네요,1
65e833661faa0e766c4d0880,구로나르샤정형외과,의사분은 친절한데 간호사가 심하게 불친절해요.\n의사랑 얘기하고 있는 중인데도 막 문 열어버리고 빨리 나오라고 재촉...,0
65e833661faa0e766c4d0881,구로나르샤정형외과,댓글 믿고 왔는데 창구부터 불친절 ᆢ 막대하는  분위기 ᆢ 자세히 보니 대부분의 환자가 중국인 조선족 ᆢ 비추!!,0
65e833661faa0e766c4d0882,구로나르샤정형외과,무리한 골프 연습으로 생긴 방아쇠수지증후군 치료차 내원했는데 쓸데없는 물리치료 같은거 하지않고 필요한 처방만 해주는 병원입니다. 주변 사람들에게 추천할수 있는 병원입니다.,2
65e833661faa0e766c4d0883,구로나르샤정형외과,최고에요~!,2
65e833661faa0e766c4d0884,구로나르샤정형외과,여기는 찐입니다.~!!\n회사 지인 소개로 갔는데\n원장 선생님 진짜 명의라고 말할 수 있음!!\n물리치료도 훌륭합니다.\n진짜 좋은병원 입니다!!\n허리 및 목 디스크로 고생했는데\n많이 좋아졌습니다.,2
65e833661faa0e766c4d0885,구로나르샤정형외과,2년동안 여기저기 다니며 주사 맞았는데 나르샤에서 주사 맞고 고통이 팍 줄었어요.\n완전하지는 않지만 만족한 효과를 보니 아주 좋습니다.\n아내도 허리 때문에 고생했는데 저 따라 나르샤가서 주사 맞고  좋다고 하네요.\n100은 아니지만 100같은 효과 보고 있어 의료진에게 감사인사 드립니다.,2
65e833661faa0e766c4d0886,구로나르샤정형외과,"정확한 판단과 적절한 치료, 친절한 의료진",2
65e833661faa0e766c4d0887,구로나르샤정형외과,"엉치가 아파서 갔는데, 예상치 못하게 허리가 아픈 걸 발견해주셨어요. 원인을 잘 파악해주셔서 치료 잘 받을 수 있을 거 같습니다. 감사합니다 :)",2
65e833661faa0e766c4d0888,구로나르샤정형외과,,
65e8336d1faa0e766c4d0889,삼성밝은안과의원,환자 눈두덩이 떡주무르듯 누르더니 자신있게 다래끼라고 오진 처방함\n알고보니 대상포진 이었음 병 크게 키워서 죽을 고생함\n환자는 걱정인데 원장은 빨리 대충 처방하고 다음 환자 진료비 받자는식임,0
65e8336d1faa0e766c4d088a,삼성밝은안과의원,원장님의 친절한 설명 항상 고맙습니다.,2
65e8336d1faa0e766c4d088b,삼성밝은안과의원,원장님 친절해서 다리깨 나면 무조건 여기만 갑니다!,2
65e8336d1faa0e766c4d088c,삼성밝은안과의원,최고에요 원장님이 친절합니다,2
65e833761faa0e766c4d088d,마음과마음 정신과의원,10년 동안 고생하며 병원 옮긴 저에겐 잘 맞아서 몇년째 다니고 있습니다. 호전중이고 강원장님께 진료받습니다.,2
65e833761faa0e766c4d088e,마음과마음 정신과의원,여자원장님 약 잘 맞춰주시고 부작용 걱정돼서 여쭤보면 친절하게 설명해주세요,2
65e833761faa0e766c4d088f,마음과마음 정신과의원,정말 시스템자체는 최악이에요... 예약은 안되고 선착순이라 대기포함 1~2시간은 생각하고 가야해요\n대기공간도 넓지않아서 이름 적어놓고 근처 카페나 음식점 가서 기다렸다 진료보고 그래요\n근데 원장님들은 참 좋아요\n10년간 여러병원 다녀봤는데 여기 원장님들처럼 환자이야기 잘 들어주는 곳도 별로 없어요 경험이 있으셔서 그런지 약도 잘 써주시는 편\n근데 환자 많거나 지치실때쯤(점심시간 직전이라던가)엔 조금 티나긴 합니다 여기 환자수 보면 그럴수밖에 없기는 한데...\n이정도면 정말 친절한편이에요 애초에 정신과의사는 내 이야기 들어줄거라고 기대하면 안되고 약조정을 하기위해 만난다고생각하셔야해요 환자의 증상을 수용해서 약 조절하는데 반영해주시기만해도 거기는 평타는 치는곳입니다 약 부작용과 약으로 인한 효과 위주로 상담을 하시는게 효율적입니다,1
65e833761faa0e766c4d0890,마음과마음 정신과의원,여자 의사가 진짜 인생에서 만난 것중에 최악임.\n어떻게 우울하다고 해서 간 고3한테 \n모의고사 점수는 얼마나 나오냐고 하면서 \n무슨 꿈을 꾸냐고 묻고\n요즘 초등학생도 아니고 누가 그런 꿈을 꾸냐\n비웃을 수 있음? 덕분에 그 시절에 증상 더 심각해져서\n독서실에서 울면서 ㅈㅎ하고. 의사가 될 자격은 있음?,0
65e833761faa0e766c4d0891,마음과마음 정신과의원,여기 남자원장님은 정말정말 세심하고 친절하세요 지금까지 정신과의사 많이 만나봤지만 다들 제대로 들어주는거 없이 그냥 제 몸의 현상만 대충 듣고 처방해준다는 생각이 강했는데 이분은 왜 제가 이런 우울증을 겪고 이후 왜 이런 후유증을 겪는지를 잘 설명해주셨어요.\n\n특히 약도 독하거나 많이 쓰지도 않고 딱 필요한 만큼만 쓰셔서 정말 많이 도움이 됐네요.\n\n대기는 진짜 길지만 그만한 값을 하는 곳이라 꾸준히 갑니다.,2
65e833761faa0e766c4d0892,마음과마음 정신과의원,다른 병원에서 돌팔이 의사때문에 2년 버렸는데 여기서 항우울제 탈출했습니다..! 아직 수면제는 먹지만 진짜  몇년동안 우울증 끝이 안보였는데 너무 감사드립니다 류원장님한테 진료 받았는데 휴무이실 때 다른 분들도 가끔 진료봐주셨는데 친절하고 프로페셔널 하셔요 저는 진짜 첫진료 20분만에 저의 모든 정신진료 역사를 다 아시고 현 상태 바로 파악하시는 통찰력을 잊을 수가 없어요~~,2
65e833761faa0e766c4d0893,마음과마음 정신과의원,간호사 불친절하고 예약을 안받아서 무작정 기다려야 함. 3시간 기다린적도 빈번하고 근처 사는 사람들은 이름이나 적고 집에 갓다가 맞춰서 오면 되겠지 좀 멀리 다니는 사람들은 무작정 기다려야 하는데 진짜 비추,0
65e833761faa0e766c4d0894,마음과마음 정신과의원,힘들어서 간건데 그렇게 말하심 어떻게해요..\n이해는 되는데 말이 너무 직설적이세요\n대기 긴 건 괜찮음,0
65e833761faa0e766c4d0895,마음과마음 정신과의원,별 하나도 아까움\n기다리는 사람 맘은 1도 배려없음\n정신병 걸릴지경이고 데스크는 묻는말에 대답을 잘 안하고  검사한지 열흘이 넘어 결과보는데도 결과가 안맞아서 한시간을 더 기다림\n휴....별하나도 아까운데 댓글 쓰려고 하나 드립니다.,0
65e833761faa0e766c4d0896,마음과마음 정신과의원,,
65e833761faa0e766c4d0897,마음과마음 정신과의원,밑에분이 초진 안받는다고 적어놓으셔서..초진 받으시는데 사전예약이 안될뿐이에요\n당일에 접수가능하고 접수 후 대기 순번이랑 소요시간 알려주시는데 그때 다른곳에 나갔다가 다시 와도 돼요 \n야간진료하는 원장님도 계시고요\n예약안돼서 기다려야 하는 번거로움은 있지만 저는 다니고 많이 좋아졌어요,2
65e833761faa0e766c4d0898,마음과마음 정신과의원,초진 안받음 어디에 적어놓으면 안갔을텐데 헛걸음함,0
65e833761faa0e766c4d0899,마음과마음 정신과의원,어느덧 10년 가까이 어머니께서 다니세요. 옆에 분과 이야기하다보니 15년째 다니신다는데 이사가고 집근처로 옮겼다가 다시 오셨다고 하시네요. \n상담을 자상하고 꼼꼼히 해주시는 편이라 진료 시간이 긴 편인 듯 합니다.\n단점이라면 환자가 많아서 대기 시간이 많습니다. 토요일 같은 경우 9시반에 오픈하는데 8시부터 줄서기 시작해요. 예약을 안받는데 역기능이 있어서 그렇다고 하네요.\n사람이 많이 찾는데는 이유가 있는 듯 합니다.,2
65e833801faa0e766c4d089a,미래사랑산부인과의원,"The doctor really discriminate of foreigners,he doesn't want to talk to foreigners that what happened with the baby. so bad .....we go to your hospital we also paid to you.why you do like this to foreigners? you should know we couldn't speak your language well. 11/25/2023",1
65e833801faa0e766c4d089b,미래사랑산부인과의원,후기대로 선생님은 너무 좋은데 데스크에 있는 분이 너무 불친절해요,1
65e833801faa0e766c4d089c,미래사랑산부인과의원,주사 끝내주게 잘 놔줘요.. 주사 아파서 싫은사람 여기로..\n그리고 이것저것 물어보면 친절하게 대답 너무 잘헤주셔요. 감사합니다.,2
65e833801faa0e766c4d089d,미래사랑산부인과의원,의사선생님도 기분좋게 웃어주시면서 궁금한것 친절하게 상담해주시고 전화응대 주의사항등 잘안내해주세요^^강력추천드립니다!!!!!,2
65e833801faa0e766c4d089e,미래사랑산부인과의원,예전에 남자 의사선생님한테 받았을 때 불편한 기억이 있었어요\n 진료 보러 갔을 때 남자 원장님이어서 약간 당황했는데 오산이였습니다\n오히려 다른 병원보다 더 꼼꼼하게 봐주시고 \nㅇㅍ산부인과 다니다가 여기 가니까 여기가 백배천배 나아요 \n과잉진료 전혀없음\n엄청 친절하시고 꼼꼼하게 잘 봐주세요!!\n진짜 개강추 이사가도 올 것 같음..,2
65e833801faa0e766c4d089f,미래사랑산부인과의원,가다실9가접종했어요 모든분들이 친절하십니다^^,2
65e833801faa0e766c4d08a0,미래사랑산부인과의원,큰 병원 다니다가 우연히 간 곳인데 좋아요 남자 선생님이시고 아주 친절하세요,2
65e833801faa0e766c4d08a1,미래사랑산부인과의원,평가가 좋아서 아무 생각없이 갔는데 진료실 문 열리자마자 남자쌤이라 당황했어요. 지금까지 여의사쌤들이 있는 곳들만 골라다녀서 남자쌤은 처음이었거든요. 그렇다고 그대로 돌아나가기엔 늦어서 아무렇지 않은 척 자리에 앉아 진료를 받기 시작했는데 온화하고 부드러운 말투로 친절하고 자세하게 설명해주셔서 그 뒤론 믿고 다녔습니다. 오히려 여의사쌤들이 계신 산부인과들 다닐때보다 좋았어요. 과잉진료도 없고 산부인과 갈때마다 듣는 쓸데없는(?) 수술 권유도 여기선 안하고.. 추천합니다.,2
65e833801faa0e766c4d08a2,미래사랑산부인과의원,친절해요~^^항상 감사합니다.,2
65e833801faa0e766c4d08a3,미래사랑산부인과의원,친절 하고 꼼꼼 하게 진료 하시네요,2
65e8338d1faa0e766c4d08a4,세진내과의원,탈모관리엔 탁월한곳입니다. 비싸게 바가지 씌우지도 않으시고 개인적으로 정말 감사드립니다.,2
65e8338d1faa0e766c4d08a5,세진내과의원,머리가 확실히 나네요,2
65e8338d1faa0e766c4d08a6,세진내과의원,,
65e8338d1faa0e766c4d08a7,세진내과의원,감기가 너무 독하고 잘 안낫는다 싶어서 방문했는데 알고봤더니 기관지염 인후염이었던 ㅠㅠ 약 쎈거 처방받았더니 금방 나아서 병원선택이 진짜 중요하구나라는걸 다시느꼈어요,2
65e8338d1faa0e766c4d08a8,세진내과의원,"재방문 의사 없네요. 보통 3-4일치면 되는 약을, 한 달치 지어주더니 약값만 2만 원 나왔네요. 별이 없는 건 없나...참 내",0
65e8338d1faa0e766c4d08a9,세진내과의원,그동안 많은데 치료봤지만 비싸기만하고. 차도없었는데~지인소개로 여기왔는데\n4개월만에 새로 머리카락 자라는거 보고 10만원의\n행복확실히 느낌. 엄한데 돈쓰지말고 여기로강추^^♡,2
65e8338d1faa0e766c4d08aa,세진내과의원,"진료중 말씀을 급하게하시더니 이내\n제가 나이가어린편 (20대중반)이라그런지 반말을하시고\n제가하는말을 도중에 끊으시고 핀잔을 주는 느낌을받아\n제진료가 가볍게 넘어갈것이 우려스러워\n\n선생님의 진료방식과 말씀하시는 방식이 \n조금 기분이 좋지않다고\n조심스래 말씀을 드렸고,\n제말을 들은 의사 선생님은 갑자기 \n문너머 소리가 다들리게 \n언성을 높이시며 자기가 본인상태를 걱정하여 \n말을 끊고 얘기한것이며\n본인나이가 많은데 제가 아들뻘이면 반말할수있는거 아니냐며 마음에 안들면 다른 병원을 가면 되는것이 아니냐 말씀하시더니 검사받으러 가라고 소리를 치셨습니다.\n\n그리고 진료실을 나갈때 제뒤에다대고\n뭐라 말씀하시는것도 들었습니다.\n\n진료실을 나오니 대기중인 손님들이\n다 저를 쳐다봤고 어르신들이 많아\n굉장히 눈치가 보였습니다.\n\n결국 검사후 다시 진료실을 들어갔을때는 \n사과를 정중히 해주셨고 \n진료도 문제 없이 잘해결되었으나.\n\n저는 병원에 진료를 받으러 왔고\n아들뻘과 아버지뻘이 아니라\n의사와 환자로서 서로간 정중하고 진중하게\n진료시간이 진행되기를 바랐습니다.\n반말을 충분히 하셔도되는 연배시지만\n사적인 자리가 아니며 초면이기도하며\n장소는 병원이었습니다.\n고객또는 환자로서 조금더 존중받고 싶었고\n의사선생님이 보시기에 불필요한 정보라도\n제 몸상태를 설명하고싶었을뿐이었습니다.",0
65e8338d1faa0e766c4d08ab,세진내과의원,친절한 편은 아니에요. 나이 많은 의사 선생님은 나름 약도 잘 쓰시고 진료는 잘 보시는 것 같은데 젊은 의사 선생님은…(더보기),1
65e8338d1faa0e766c4d08ac,세진내과의원,"처음겪는 저혈당 증세 였는데,\n응급실에 가야지 병원을 잘못 왔다고 하네요\n급해서 병원을 보이는 병원에 간건데...\n기계가 없으면 아는게 하나도 없는 너무\n어이없고 한심한 그런 병원이었음",0
65e8338d1faa0e766c4d08ad,세진내과의원,탈모치료,1
65e8338d1faa0e766c4d08ae,세진내과의원,의사가 말을 뚝뚝끊어먹네요 주차비도 비쌈,0
65e8338d1faa0e766c4d08af,세진내과의원,진료 1분컷이네요\n바쁘신분들 이용하시면 되겠어요\n의사의 진료태도가 많이 아쉽습니다.,0
65e8338d1faa0e766c4d08b0,세진내과의원,간호사들은 친절하고 의무를 잘합니다. 의사는 매우 무례했어요. 지금까지 한 가장 불쾌한 의사 진료 예약이었어요. 다시는 이곳에 오지 않기를 바랍니다.,0
65e8338d1faa0e766c4d08b1,세진내과의원,"집 근처 내과 갈까 하다가 평가가 좋아서 여기로 갔는데 증상 설명하자마자 ""응급실 가세요.""하고 진료가 끝나버리네요. 최소한 왜 응급실로 가야하는지 설명은 해주셔야 하는거 아닙니까? 여섯글자듣고 진료비 내려니 살면서 처음으로 진료비가 아깝다는 생각이 들었습니다.",0
65e8338d1faa0e766c4d08b2,세진내과의원,,
65e8338d1faa0e766c4d08b3,세진내과의원,,
65e8338d1faa0e766c4d08b4,세진내과의원,,
65e8338d1faa0e766c4d08b5,세진내과의원,"인후통에 열감이 있어서 코로나 선별진료소를 가봐야할지 아니면 집에서 결과를 지캬봐야할지 물어보려고 갔는데, 의사가 나는 모르겠고 니가 알아서 해라는 식이라서 엄청 짜증났네요. 솔직히 그정도 의견은 알바도 할수있을거같은데 너무 성의없으신거같아요.\n여자의사분이셨고 머리는 단발이었습니다",0
65e8338d1faa0e766c4d08b6,세진내과의원,태국여행 다녀와서 위염 장염으로 엄청고생하고 탈수까지 와서 반죽음이였는데....ㅠㅠ 하아..진짜 우울했는데 선생님 너무 진료를 잘해주셔서 대처를(처방을) 잘해주셔서 제가 죽다 살아났어요.\n감사합니다. 선생님 ㅠㅠ 남자분이셨는디.. 아웅..ㅠ\n은혜잊지않을께요. 의사가 되어주셔서 감사합니다.ㅜ 덕분에 크리스마스를 알차게보냈어요.ㅜㅜㅜ 감사해여 건강하세요.,2
65e8338d1faa0e766c4d08b7,세진내과의원,탈모로 찾아간 병원 확실한 탈모치료 효과 임상 실험이 끝났다 우리 사무실내 입소문만으로 입문한 실험체 네명 세명 입증 되도 않는 미장원에 가서 스텝한테 맛사지 그만 받고 탈모치료로 수억 날리신 분이라면 치료 가격 듣고 혈압으로 쓰러질지 모름 엄한데 가지 말고 여그 가보시라 답정여기임,2
65e8338d1faa0e766c4d08b8,세진내과의원,원장님이 정확하게 잘 봐주시고 간호사님들이 미소로 친절하고 안내해 주니 기분좋게 진료 잘 받았습니다.,2
65e833961faa0e766c4d08b9,정내과의원,아니 뭐 인포직원은 알아보지도 않고 안내를 해서 사람들을 헛걸음 시키나요,0
65e833961faa0e766c4d08ba,정내과의원,진료 잘 봐주세요^^,2
65e833961faa0e766c4d08bb,정내과의원,워낙 환자가 많아서 직원분들이 바빠보여요\n그럼에도 불구하고 정확한 진료와 친절하신 직원분들 믿고 다니고 있습니다^^,2
65e833961faa0e766c4d08bc,정내과의원,인포메이션 직원 불친절 쩌네,0
65e833961faa0e766c4d08bd,정내과의원,,
65e833971faa0e766c4d08be,정내과의원,건강검진으로 당 발견하고 꾸준히 다니고잇어요 환자는.많아서 대기시간많디만 의사 3분다 친절하세요,2
65e833971faa0e766c4d08bf,정내과의원,"간호사, 의사 선생님들 엄청 친절하세요~",2
65e833971faa0e766c4d08c0,정내과의원,,
65e833971faa0e766c4d08c1,정내과의원,,